"Sample_ID","Mean(Flower Anthocyanin (1-5) 1 1)","Mean(Flower Anthocyanin (1-5) 1 2)","Mean(Flower Anthocyanin (1-5) 2 1)","Mean(Flower Anthocyanin (1-5) 2 2)","Mean(Corolla width 1 1)","Mean(Corolla width 1 2)","Mean(Corolla width 2 1)","Mean(Corolla width 2 2)","Mean(Tube length 1 1)","Mean(Tube length 1 2)","Mean(Tube length 2 1)","Mean(Tube length 2 2)","Mean(Peduncle length 1 1)","Mean(Peduncle length 1 2)","Mean(Peduncle length 2 1)","Mean(Peduncle length 2 2)","Mean(Node of flower 1 1)","Mean(Node of flower 1 2)","Mean(Node of flower 2 1)","Mean(Node of flower 2 2)","Mean(Days to flower 1 1)","Mean(Days to flower 1 2)","Mean(Days to flower 2 1)","Mean(Days to flower 2 2)","Mean(Petiole 1 1)","Mean(Petiole 1 2)","Mean(Petiole 2 1)","Mean(Petiole 2 2)","Mean(Leaf length 1 1)","Mean(Leaf length 1 2)","Mean(Leaf length 2 1)","Mean(Leaf length 2 2)","Mean(Whole-Petiole 1 1)","Mean(Whole-Petiole 1 2)","Mean(Whole-Petiole 2 1)","Mean(Whole-Petiole 2 2)","Mean(Leaf width 1 1)","Mean(Leaf width 1 2)","Mean(Leaf width 2 1)","Mean(Leaf width 2 2)","Mean(height on day of flowering 1 1)","Mean(height on day of flowering 1 2)","Mean(height on day of flowering 2 1)","Mean(height on day of flowering 2 2)","Mean(Top G trichomes 1 1)","Mean(Top G trichomes 1 2)","Mean(Top G trichomes 2 1)","Mean(Top G trichomes 2 2)","Mean(Top NG trichomes 1 1)","Mean(Top NG trichomes 1 2)","Mean(Top NG trichomes 2 1)","Mean(Top NG trichomes 2 2)","Mean(Bottom G trichomes 1 1)","Mean(Bottom G trichomes 1 2)","Mean(Bottom G trichomes 2 1)","Mean(Bottom G trichomes 2 2)","Mean(Bottom NG trichomes 1 1)","Mean(Bottom NG trichomes 1 2)","Mean(Bottom NG trichomes 2 1)","Mean(Bottom NG trichomes 2 2)","Antho_Cold","Antho_Hot","Antho_Plastic","Antho_Cold_Trans","Antho_Hot_Trans","Antho_Trans","CW_Cold","CW_Hot","CW_Plastic","CW_Cold_Trans","CW_Hot_Trans","CW_Trans","TubeLength_Cold","TubeLength_Hot","TubeLength_Plastic","TubeLength_Cold_Trans","TubeLength_Hot_Trans","TubeLength_Trans","Peduncle_Cold","Peduncle_Hot","Peduncle_Plastic","Peduncle_Cold_Trans","Peduncle_Hot_Trans","Peduncle_Trans","NodeFlower_Cold","NodeFlower_Hot","NodeFlower_Plastic","NodeFlower_Cold_Trans","NodeFlower_Hot_Trans","NodeFlower_Trans","DaysFlower_Cold","DaysFlower_Hot","DaysFlower_Plastic","DaysFlower_Cold_Trans","DaysFlower_Hot_Trans","DaysFlower_Trans","Petiole_Cold","Petiole_Hot","Petiole_Plastic","Petiole_Cold_Trans","Petiole_Hot_Trans","Petiole_Trans","LeafLength_Cold","LeafLength_Hot","LeafLength_Plastic","LeafLength_Cold_Trans","LeafLength_Hot_Trans","LeafLength_Trans","LeafWidth_Cold","LeafWidth_Hot","LeafWidth_Plastic","LeafWidth_Cold_Trans","LeafWidth_Hot_Trans","LeafWidth_Trans","HeightFlower_Cold","HeightFlower_Hot","HeightFlower_Plastic","HeightFlower_Cold_Trans","HeightFlower_Hot_Trans","HeightFlower_Trans","TopGlandular_Cold","TopGlandular_Hot","TopGlandular_Plastic","TopGlandular_Cold_Trans","TopGlandular_Hot_Trans","TopGlandular_Trans","TopNonGlandular_Cold","TopNonGlandular_Hot","TopNonGlandular_Plastic","TopNonGlandular_Cold_Trans","TopNonGlandular_Hot_Trans","TopNonGlandular_Trans","BottomGlandular_Cold","BottomGlandular_Hot","BottomGlandular_Plastic","BottomGlandular_Cold_Trans","BottomGlandular_Hot_Trans","BottomGlandular_Trans","BottomNonGlandular_Cold","BottomNonGlandular_Hot","BottomNonGlandular_Plastic","BottomNonGlandular_Cold_Trans","BottomNonGlandular_Hot_Trans","BottomNonGlandular_Trans","Cold_Prin1","Cold_Prin2","Hot_Prin1","Hot_Prin2","Plasticity_Prin1","Plasticity_Prin2","TGen_Prin1","Tgen_Prin2"
"CL-4-2",NA,0,NA,NA,NA,35,NA,NA,NA,32,NA,NA,NA,82,NA,NA,NA,3,NA,NA,NA,28,NA,NA,NA,27,NA,NA,NA,143,NA,NA,NA,116,0,NA,NA,31,NA,NA,NA,446,NA,NA,NA,53,NA,NA,NA,84,NA,NA,NA,1,NA,NA,NA,0,NA,NA,NA,0,NA,NA,NA,NA,NA,35,NA,NA,NA,NA,NA,32,NA,NA,NA,NA,NA,82,NA,NA,NA,NA,NA,3,NA,NA,NA,NA,NA,28,NA,NA,NA,NA,NA,27,NA,NA,NA,NA,0,116,116,NA,NA,NA,NA,31,NA,NA,NA,NA,NA,446,NA,NA,NA,NA,NA,53,NA,NA,NA,NA,NA,84,NA,NA,NA,NA,NA,1,NA,NA,NA,NA,NA,0,NA,NA,NA,NA,NA,NA,-0.963298988,-0.733946078,NA,NA,NA,NA
"CL-11-1",NA,NA,4,2,NA,NA,24,30,NA,NA,39,43,NA,NA,92,92,NA,NA,2,2,NA,NA,52,32,NA,NA,25,33,NA,NA,206,120,NA,NA,181,87,NA,NA,103,46,NA,NA,150,88,NA,NA,47,89,NA,NA,98,64,NA,NA,23,54,NA,NA,45,20,4,2,-2,NA,NA,NA,24,30,6,NA,NA,NA,39,43,4,NA,NA,NA,92,92,0,NA,NA,NA,2,2,0,NA,NA,NA,52,32,-20,NA,NA,NA,25,33,8,NA,NA,NA,181,87,-94,NA,NA,NA,103,46,-57,NA,NA,NA,150,88,-62,NA,NA,NA,47,89,42,NA,NA,NA,98,64,-34,NA,NA,NA,23,54,31,NA,NA,NA,45,20,-25,NA,NA,NA,0.6858810285,0.8156676462,0.2024777886,-2.202651263,-0.690586213,1.0929521778,NA,NA
"CL-23-3",2,5,NA,NA,9,46,NA,NA,29,52,NA,NA,91,106,NA,NA,3,8,NA,NA,68,63,NA,NA,15,34,NA,NA,147,113,NA,NA,132,79,NA,NA,85,38,NA,NA,235,1217,NA,NA,76,110,NA,NA,7,0,NA,NA,13,42,NA,NA,61,3,NA,NA,2,5,3,NA,NA,NA,9,46,37,NA,NA,NA,29,52,23,NA,NA,NA,91,106,15,NA,NA,NA,3,8,5,NA,NA,NA,68,63,-5,NA,NA,NA,15,34,19,NA,NA,NA,132,79,-53,NA,NA,NA,85,38,-47,NA,NA,NA,235,1217,982,NA,NA,NA,76,110,34,NA,NA,NA,7,0,-7,NA,NA,NA,13,42,29,NA,NA,NA,61,3,-58,NA,NA,NA,-1.703580561,1.6938972933,9.8226965133,-3.350626419,5.1489072221,7.3296617038,NA,NA
"CL-25-3",NA,NA,4,NA,NA,NA,29,8,NA,NA,34,22,NA,NA,54,61,NA,NA,3,4,NA,NA,57,34,NA,NA,41,49,NA,NA,147,120,0,NA,106,71,NA,NA,69,39,NA,NA,305,390,NA,NA,79,59,NA,NA,105,16,NA,NA,7,21,NA,NA,3,7,4,NA,NA,NA,NA,NA,29,8,-21,NA,NA,NA,34,22,-12,NA,NA,NA,54,61,7,NA,NA,NA,3,4,1,NA,NA,NA,57,34,-23,NA,NA,NA,41,49,8,NA,NA,NA,53,71,18,106,NA,106,69,39,-30,NA,NA,NA,305,390,85,NA,NA,NA,79,59,-20,NA,NA,NA,105,16,-89,NA,NA,NA,7,21,14,NA,NA,NA,3,7,4,NA,NA,NA,-1.457467365,1.2724936415,NA,NA,NA,NA,NA,NA
"CL-32-2",NA,0,NA,NA,NA,13,NA,3,NA,26,NA,9,NA,69,NA,40,NA,2,NA,3,NA,26,NA,33,NA,41,NA,17,NA,105,NA,82,NA,64,NA,65,NA,36,NA,30,NA,370,NA,191,NA,4,NA,34,NA,61,NA,36,NA,5,NA,10,NA,0,NA,0,NA,0,NA,NA,NA,NA,NA,8,NA,NA,-10,-10,NA,17.5,NA,NA,-17,-17,NA,54.5,NA,NA,-29,-29,NA,2.5,NA,NA,1,1,NA,29.5,NA,NA,7,7,NA,29,NA,NA,-24,-24,NA,64.5,NA,NA,1,1,NA,33,NA,NA,-6,-6,NA,280.5,NA,NA,-179,-179,NA,19,NA,NA,30,30,NA,48.5,NA,NA,-25,-25,NA,7.5,NA,NA,5,5,NA,0,NA,NA,0,0,NA,NA,-3.556115786,-1.989304532,NA,NA,NA,NA
"CL-34-3",NA,NA,5,0,NA,NA,21,20,NA,NA,31,31,NA,NA,64,60,NA,NA,3,3,NA,NA,54,28,NA,NA,29,19,NA,NA,108,109,NA,NA,79,90,NA,NA,63,33,NA,NA,40,203,NA,NA,14,129,NA,NA,15,5,NA,NA,6,15,NA,NA,132,49,5,0,-5,NA,NA,NA,21,20,-1,NA,NA,NA,31,31,0,NA,NA,NA,64,60,-4,NA,NA,NA,3,3,0,NA,NA,NA,54,28,-26,NA,NA,NA,29,19,-10,NA,NA,NA,79,90,11,NA,NA,NA,63,33,-30,NA,NA,NA,40,203,163,NA,NA,NA,14,129,115,NA,NA,NA,15,5,-10,NA,NA,NA,6,15,9,NA,NA,NA,132,49,-83,NA,NA,NA,-2.411156677,0.5637375721,-1.880570896,-2.906871181,-0.106955382,0.2631502174,NA,NA
"CL-35-2",4,NA,4,NA,37,NA,33,NA,37,NA,36,NA,45,NA,34,NA,3,NA,2,NA,51,NA,47,NA,18,NA,14,NA,110,NA,132,NA,92,0,118,NA,72,NA,75,NA,232,NA,180,NA,18,49,15,NA,85,68,33,NA,4,12,3,NA,12,4,15,NA,4,NA,NA,0,NA,0,35,NA,NA,-4,NA,-4,36.5,NA,NA,-1,NA,-1,39.5,NA,NA,-11,NA,-11,2.5,NA,NA,-1,NA,-1,49,NA,NA,-4,NA,-4,16,NA,NA,-4,NA,-4,105,0,-105,26,NA,26,73.5,NA,NA,3,NA,3,206,NA,NA,-52,NA,-52,16.5,49,32.5,-3,NA,-3,59,68,9,-52,NA,-52,3.5,12,8.5,-1,NA,-1,13.5,4,-9.5,3,NA,3,-1.860530705,0.1811183923,NA,NA,NA,NA,-0.976368865,-0.334622759
"CL-37-3",NA,NA,5,5,NA,NA,63,25,NA,NA,44,34,NA,NA,98,101,NA,NA,4,3,NA,NA,57,31,NA,NA,29,41,NA,NA,124,180,NA,NA,95,139,NA,NA,57,41,NA,NA,456,519,NA,NA,34,17,NA,NA,43,19,NA,NA,9,7,NA,NA,76,39,5,5,0,NA,NA,NA,63,25,-38,NA,NA,NA,44,34,-10,NA,NA,NA,98,101,3,NA,NA,NA,4,3,-1,NA,NA,NA,57,31,-26,NA,NA,NA,29,41,12,NA,NA,NA,95,139,44,NA,NA,NA,57,41,-16,NA,NA,NA,456,519,63,NA,NA,NA,34,17,-17,NA,NA,NA,43,19,-24,NA,NA,NA,9,7,-2,NA,NA,NA,76,39,-37,NA,NA,NA,-0.661912045,2.4770428752,0.7880007889,-0.308378737,-0.201846633,-2.072465631,NA,NA
"CL-42-1",NA,NA,5,NA,NA,NA,72,NA,NA,NA,52,NA,NA,NA,96,NA,NA,NA,4,NA,NA,NA,70,NA,NA,NA,23,NA,NA,NA,121,NA,NA,NA,98,NA,NA,NA,80,NA,NA,NA,364,NA,NA,NA,30,NA,NA,NA,18,NA,NA,NA,6,NA,NA,NA,34,NA,5,NA,NA,NA,NA,NA,72,NA,NA,NA,NA,NA,52,NA,NA,NA,NA,NA,96,NA,NA,NA,NA,NA,4,NA,NA,NA,NA,NA,70,NA,NA,NA,NA,NA,23,NA,NA,NA,NA,NA,98,NA,NA,NA,NA,NA,80,NA,NA,NA,NA,NA,364,NA,NA,NA,NA,NA,30,NA,NA,NA,NA,NA,18,NA,NA,NA,NA,NA,6,NA,NA,NA,NA,NA,34,NA,NA,NA,NA,NA,-0.761315205,3.534849482,NA,NA,NA,NA,NA,NA
"CL-53-1",NA,0,NA,NA,NA,23,NA,NA,NA,23,NA,NA,NA,62,NA,NA,NA,2,NA,NA,NA,25,NA,NA,NA,21,NA,NA,NA,102,NA,NA,0,81,NA,NA,NA,48,NA,NA,NA,379,NA,NA,NA,1,NA,NA,NA,35,NA,NA,NA,0,NA,NA,NA,41,NA,NA,NA,0,NA,NA,NA,NA,NA,23,NA,NA,NA,NA,NA,23,NA,NA,NA,NA,NA,62,NA,NA,NA,NA,NA,2,NA,NA,NA,NA,NA,25,NA,NA,NA,NA,NA,21,NA,NA,NA,NA,0,81,81,NA,NA,NA,NA,48,NA,NA,NA,NA,NA,379,NA,NA,NA,NA,NA,1,NA,NA,NA,NA,NA,35,NA,NA,NA,NA,NA,0,NA,NA,NA,NA,NA,41,NA,NA,NA,NA,NA,NA,-2.903775094,-0.666901954,NA,NA,NA,NA
"CU-2-1",5,3,NA,2,36,32,NA,27,46,37,NA,34,124,68,NA,123,3,5,NA,2,54,41,NA,27,45,58,NA,55,191,150,NA,196,146,92,NA,141,78,45,NA,67,368,494,NA,113,89,166,NA,83,181,39,NA,160,23,76,NA,91,9,2,NA,13,5,2.5,-2.5,NA,-1,-1,36,29.5,-6.5,NA,-5,-5,46,35.5,-10.5,NA,-3,-3,124,95.5,-28.5,NA,55,55,3,3.5,0.5,NA,-3,-3,54,34,-20,NA,-14,-14,45,56.5,11.5,NA,-3,-3,146,116.5,-29.5,NA,49,49,78,56,-22,NA,22,22,368,303.5,-64.5,NA,-381,-381,89,124.5,35.5,NA,-83,-83,181,99.5,-81.5,NA,121,121,23,83.5,60.5,NA,15,15,9,7.5,-1.5,NA,11,11,1.804855075,2.1455192146,2.1071444036,-1.700444072,-0.458846883,1.7776367929,-5.896277064,0.5525249391
"CU-10-3",NA,NA,5,1,NA,NA,51,16,NA,NA,46,32,NA,NA,55,135,NA,NA,5,2,NA,NA,65,29,NA,NA,10,16,NA,NA,153,114,NA,NA,143,98,NA,NA,72,54,NA,NA,470,364,NA,NA,42,43,NA,NA,31,10,NA,NA,NA,1,NA,NA,NA,87,5,1,-4,NA,NA,NA,51,16,-35,NA,NA,NA,46,32,-14,NA,NA,NA,55,135,80,NA,NA,NA,5,2,-3,NA,NA,NA,65,29,-36,NA,NA,NA,10,16,6,NA,NA,NA,143,98,-45,NA,NA,NA,72,54,-18,NA,NA,NA,470,364,-106,NA,NA,NA,42,43,1,NA,NA,NA,31,10,-21,NA,NA,NA,NA,1,NA,NA,NA,NA,NA,87,NA,NA,NA,NA,NA,NA,-2.042241287,-0.025603751,NA,NA,NA,NA
"CU-26-1",5,2,3,NA,31,37,22,NA,43,35,35,NA,89,66,88,NA,3,7,3,NA,54,66,57,NA,52,36,36,NA,174,108,133,92,122,72,97,49,73,25,55,17,268,584,148,588,86,66,77,NA,29,5,17,NA,46,15,16,NA,67,11,40,NA,4,2,-2,-2,NA,-2,26.5,37,10.5,-9,NA,-9,39,35,-4,-8,NA,-8,88.5,66,-22.5,-1,NA,-1,3,7,4,0,NA,0,55.5,66,10.5,3,NA,3,44,36,-8,-16,NA,-16,109.5,60.5,-49,-25,-23,-24,64,21,-43,-18,-8,-13,208,586,378,-120,4,-58,81.5,66,-15.5,-9,NA,-9,23,5,-18,-12,NA,-12,31,15,-16,-30,NA,-30,53.5,11,-42.5,-27,NA,-27,-0.499340202,2.1703097098,4.9842380637,-4.157685975,-0.665927467,5.4897820557,-0.708094203,-2.665703558
"CU-26-3",5,0,NA,NA,47,20,NA,NA,49,38,NA,NA,124,97,NA,NA,3,4,NA,NA,50,30,NA,NA,60,27,NA,NA,208,143,NA,NA,148,116,NA,NA,71,40,NA,NA,693,550,NA,NA,20,83,NA,NA,50,2,NA,NA,23,22,NA,NA,221,55,NA,NA,5,0,-5,NA,NA,NA,47,20,-27,NA,NA,NA,49,38,-11,NA,NA,NA,124,97,-27,NA,NA,NA,3,4,1,NA,NA,NA,50,30,-20,NA,NA,NA,60,27,-33,NA,NA,NA,148,116,-32,NA,NA,NA,71,40,-31,NA,NA,NA,693,550,-143,NA,NA,NA,20,83,63,NA,NA,NA,50,2,-48,NA,NA,NA,23,22,-1,NA,NA,NA,221,55,-166,NA,NA,NA,2.2745316714,1.925014971,0.1643385109,-1.265599579,-3.409891381,0.6719913212,NA,NA
"CU-29-2",NA,1,NA,1,10,12,NA,9,37,22,NA,26,84,62,93,64,3,3,3,2,NA,29,53,30,52,19,40,31,157,113,136,116,105,94,96,85,59,32,65,34,NA,584,471,643,NA,0,14,11,NA,54,57,37,NA,0,6,2,NA,60,87,56,NA,1,NA,NA,0,0,10,10.5,0.5,NA,-3,-3,37,24,-13,NA,4,4,88.5,63,-25.5,9,2,5.5,3,2.5,-0.5,0,-1,-0.5,53,29.5,-23.5,NA,1,1,46,25,-21,-12,12,0,100.5,89.5,-11,-9,-9,-9,62,33,-29,6,2,4,471,613.5,142.5,NA,59,59,14,5.5,-8.5,NA,11,11,57,45.5,-11.5,NA,-17,-17,6,1,-5,NA,2,2,87,58,-29,NA,-4,-4,NA,NA,-1.990322156,-1.14967858,NA,NA,-0.027749996,0.1593223672
"CU-54-1",NA,NA,NA,NA,NA,NA,NA,NA,NA,NA,NA,NA,NA,NA,NA,NA,NA,NA,NA,NA,NA,NA,NA,NA,NA,NA,NA,NA,NA,NA,NA,NA,0,NA,0,NA,NA,NA,NA,NA,NA,NA,NA,NA,NA,NA,NA,NA,NA,NA,NA,NA,NA,NA,NA,NA,NA,NA,NA,NA,NA,NA,NA,NA,NA,NA,NA,NA,NA,NA,NA,NA,NA,NA,NA,NA,NA,NA,NA,NA,NA,NA,NA,NA,NA,NA,NA,NA,NA,NA,NA,NA,NA,NA,NA,NA,NA,NA,NA,NA,NA,NA,0,NA,NA,0,NA,0,NA,NA,NA,NA,NA,NA,NA,NA,NA,NA,NA,NA,NA,NA,NA,NA,NA,NA,NA,NA,NA,NA,NA,NA,NA,NA,NA,NA,NA,NA,NA,NA,NA,NA,NA,NA,NA,NA,NA,NA,NA,NA,NA,NA
"CU-59-1",5,NA,5,4,52,NA,44,31,51,NA,42,40,36,NA,109,80,2,NA,3,3,51,NA,53,29,33,NA,30,9,176,NA,132,97,143,NA,102,88,86,NA,88,37,418,NA,241,324,1,NA,6,11,145,NA,167,46,2,NA,9,5,123,NA,288,116,5,4,-1,0,NA,0,48,31,-17,-8,NA,-8,46.5,40,-6.5,-9,NA,-9,72.5,80,7.5,73,NA,73,2.5,3,0.5,1,NA,1,52,29,-23,2,NA,2,31.5,9,-22.5,-3,NA,-3,122.5,88,-34.5,-41,NA,-41,87,37,-50,2,NA,2,329.5,324,-5.5,-177,NA,-177,3.5,11,7.5,5,NA,5,156,46,-110,22,NA,22,5.5,5,-0.5,7,NA,7,205.5,116,-89.5,165,NA,165,0.4694069585,0.6794143113,0.2637320892,-1.912998913,-2.097830244,0.0396974093,-1.020903222,-0.467245648
"CU-59-2",3,NA,3,NA,12,9,13,9,31,32,28,31,55,87,133,88,2,2,2,3,46,NA,46,NA,28,36,24,25,128,119,116,110,100,83,92,85,79,35,61,33,257,460,173,506,44,36,7,17,141,49,67,107,3,0,1,0,261,84,243,273,3,NA,NA,0,NA,0,12.5,9,-3.5,1,0,0.5,29.5,31.5,2,-3,-1,-2,94,87.5,-6.5,78,1,39.5,2,2.5,0.5,0,1,0.5,46,NA,NA,0,NA,0,26,30.5,4.5,-4,-11,-7.5,96,84,-12,-8,2,-3,70,34,-36,-18,-2,-10,215,483,268,-84,46,-19,25.5,26.5,1,-37,-19,-28,104,78,-26,-74,58,-8,2,0,-2,-2,0,-1,252,178.5,-73.5,-18,189,85.5,-1.010574376,-1.339099631,NA,NA,NA,NA,-0.559593017,-0.229601623
"CU-61-2",NA,NA,4,NA,NA,NA,18,NA,NA,NA,34,NA,NA,NA,119,NA,NA,NA,2,NA,NA,NA,49,NA,NA,NA,54,NA,NA,NA,191,NA,NA,NA,137,0,NA,NA,72,NA,NA,NA,402,NA,NA,NA,19,NA,NA,NA,53,NA,NA,NA,7,NA,NA,NA,300,NA,4,NA,NA,NA,NA,NA,18,NA,NA,NA,NA,NA,34,NA,NA,NA,NA,NA,119,NA,NA,NA,NA,NA,2,NA,NA,NA,NA,NA,49,NA,NA,NA,NA,NA,54,NA,NA,NA,NA,NA,137,0,-137,NA,NA,NA,72,NA,NA,NA,NA,NA,402,NA,NA,NA,NA,NA,19,NA,NA,NA,NA,NA,53,NA,NA,NA,NA,NA,7,NA,NA,NA,NA,NA,300,NA,NA,NA,NA,NA,0.7529028216,-0.601153905,NA,NA,NA,NA,NA,NA
"CU-62-2",1,NA,NA,1,8,NA,NA,10,27,NA,NA,19,71,NA,NA,118,1,NA,NA,1,45,NA,NA,28,48,NA,NA,48,147,NA,NA,123,99,NA,NA,75,69,NA,NA,46,55,NA,NA,154,91,NA,NA,9,51,NA,NA,23,17,NA,NA,3,102,NA,NA,5,1,1,0,NA,NA,NA,8,10,2,NA,NA,NA,27,19,-8,NA,NA,NA,71,118,47,NA,NA,NA,1,1,0,NA,NA,NA,45,28,-17,NA,NA,NA,48,48,0,NA,NA,NA,99,75,-24,NA,NA,NA,69,46,-23,NA,NA,NA,55,154,99,NA,NA,NA,91,9,-82,NA,NA,NA,51,23,-28,NA,NA,NA,17,3,-14,NA,NA,NA,102,5,-97,NA,NA,NA,-1.220852031,-1.7983593,-4.231468963,-0.000339626,-0.017581565,-0.904037799,NA,NA
"CU-63-1",NA,NA,5,NA,NA,NA,41,NA,NA,NA,37,NA,NA,NA,89,87,NA,NA,4,3,NA,NA,64,30,NA,NA,24,26,NA,NA,127,130,NA,NA,103,104,NA,NA,84,39,NA,NA,684,543,NA,NA,14,4,NA,NA,72,71,NA,NA,6,2,NA,NA,10,14,5,NA,NA,NA,NA,NA,41,NA,NA,NA,NA,NA,37,NA,NA,NA,NA,NA,89,87,-2,NA,NA,NA,4,3,-1,NA,NA,NA,64,30,-34,NA,NA,NA,24,26,2,NA,NA,NA,103,104,1,NA,NA,NA,84,39,-45,NA,NA,NA,684,543,-141,NA,NA,NA,14,4,-10,NA,NA,NA,72,71,-1,NA,NA,NA,6,2,-4,NA,NA,NA,10,14,4,NA,NA,NA,-0.424102622,2.8933204828,NA,NA,NA,NA,NA,NA
"CU-67-1",NA,1,1,0,NA,32,7,25,NA,35,29,32,NA,76,50,93,NA,3,6,3,NA,34,75,29,NA,44,10,19,NA,135,144,149,NA,91,134,130,NA,45,86,45,NA,245,352,354,NA,31,NA,15,NA,33,NA,24,NA,8,NA,4,NA,66,NA,89,1,0.5,-0.5,NA,-1,-1,7,28.5,21.5,NA,-7,-7,29,33.5,4.5,NA,-3,-3,50,84.5,34.5,NA,17,17,6,3,-3,NA,0,0,75,31.5,-43.5,NA,-5,-5,10,31.5,21.5,NA,-25,-25,134,110.5,-23.5,NA,39,39,86,45,-41,NA,0,0,352,299.5,-52.5,NA,109,109,NA,23,NA,NA,-16,-16,NA,28.5,NA,NA,-9,-9,NA,6,NA,NA,-4,-4,NA,77.5,NA,NA,23,23,NA,NA,-0.889048044,-0.560058326,NA,NA,-1.01266844,-0.399397883
"CU-74-1",5,4,5,2,45,32,47,12,38,31,40,31,102,79,100,50,3,3,NA,4,45,26,NA,32,35,23,37,22,171,167,159,139,136,144,122,117,79,54,83,50,512,443,561,472,0,71,15,59,152,55,97,15,4,4,2,10,296,31,151,142,5,3,-2,0,-2,-1,46,22,-24,2,-20,-9,39,31,-8,2,0,1,101,64.5,-36.5,-2,-29,-15.5,3,3.5,0.5,NA,1,1,45,29,-16,NA,6,6,36,22.5,-13.5,2,-1,0.5,129,130.5,1.5,-14,-27,-20.5,81,52,-29,4,-4,0,536.5,457.5,-79,49,29,39,7.5,65,57.5,15,-12,1.5,124.5,35,-89.5,-55,-40,-47.5,3,7,4,-2,6,2,223.5,86.5,-137,-145,111,-17,0.9794080257,0.3594438873,0.0880801936,-1.03325996,-1.953969342,0.8382166172,1.2886129437,-1.244516138
"CU-85-1",NA,NA,5,2,NA,14,51,25,NA,31,46,40,NA,65,107,129,NA,2,3,2,NA,29,50,28,NA,39,31,74,NA,136,128,227,NA,97,97,153,NA,45,79,74,NA,233,434,570,NA,16,3,12,NA,54,102,33,NA,3,11,0,NA,141,181,194,5,2,-3,NA,NA,NA,51,19.5,-31.5,NA,11,11,46,35.5,-10.5,NA,9,9,107,97,-10,NA,64,64,3,2,-1,NA,0,0,50,28.5,-21.5,NA,-1,-1,31,56.5,25.5,NA,35,35,97,125,28,NA,56,56,79,59.5,-19.5,NA,29,29,434,401.5,-32.5,NA,337,337,3,14,11,NA,-4,-4,102,43.5,-58.5,NA,-21,-21,11,1.5,-9.5,NA,-3,-3,181,167.5,-13.5,NA,53,53,0.4606527064,1.1730066236,-0.842545455,1.252166007,-1.21488272,-1.867336627,NA,NA
"CL-19-3",5,0,5,3,26,21,38,26,37,32,46,39,71,83,84,70,3,2,3,2,36,25,36,23,43,22,47,24,171,83,189,92,128,61,142,68,72,29,72,30,227,340,235,NA,21,42,12,23,82,23,75,21,8,3,0,0,57,37,54,22,5,1.5,-3.5,0,3,1.5,32,23.5,-8.5,12,5,8.5,41.5,35.5,-6,9,7,8,77.5,76.5,-1,13,-13,0,3,2,-1,0,0,0,36,24,-12,0,-2,-1,45,23,-22,4,2,3,135,64.5,-70.5,14,7,10.5,72,29.5,-42.5,0,1,0.5,231,340,109,8,NA,8,16.5,32.5,16,-9,-19,-14,78.5,22,-56.5,-7,-2,-4.5,4,1.5,-2.5,-8,-3,-5.5,55.5,29.5,-26,-3,-15,-9,0.2821449686,-0.327713174,-2.000717471,-1.823520804,-2.408638227,0.3097760887,0.148401864,1.1342011229
"CU-39-1",5,5,3,5,36,20,30,25,43,36,39,34,152,115,168,83,2,2,2,2,43,24,40,24,61,42,40,40,187,137,173,138,126,95,133,98,78,42,77,45,425,NA,300,NA,13,11,18,19,124,19,95,36,0,0,0,0,14,0,4,0,4,5,1,-2,0,-1,33,22.5,-10.5,-6,5,-0.5,41,35,-6,-4,-2,-3,160,99,-61,16,-32,-8,2,2,0,0,0,0,41.5,24,-17.5,-3,0,-1.5,50.5,41,-9.5,-21,-2,-11.5,129.5,96.5,-33,7,3,5,77.5,43.5,-34,-1,3,1,362.5,NA,NA,-125,NA,-125,15.5,15,-0.5,5,8,6.5,109.5,27.5,-82,-29,17,-6,0,0,0,0,0,0,9,0,-9,-10,0,-5,1.4168831968,-1.323144902,NA,NA,NA,NA,-0.473204507,-0.93426198
"CL-3-3",5,1,4,5,41,20,38,31,34,26,35,24,106,81,63,70,2,2,2,2,38,25,41,28,37,35,42,12,132,90,139,80,95,55,97,68,64,37,68,41,193,155,112,149,78,89,72,204,118,1,97,19,16,2,4,46,68,7,74,72,4.5,3,-1.5,-1,4,1.5,39.5,25.5,-14,-3,11,4,34.5,25,-9.5,1,-2,-0.5,84.5,75.5,-9,-43,-11,-27,2,2,0,0,0,0,39.5,26.5,-13,3,3,3,39.5,23.5,-16,5,-23,-9,96,61.5,-34.5,2,13,7.5,66,39,-27,4,4,4,152.5,152,-0.5,-81,-6,-43.5,75,146.5,71.5,-6,115,54.5,107.5,10,-97.5,-21,18,-1.5,10,24,14,-12,44,16,71,39.5,-31.5,6,65,35.5,-0.29300544,-0.620820824,-1.731592533,-3.275179519,-1.391171267,1.3113003599,1.2207439513,0.592906752
"CL-60-1",3,1,5,1,30,40,47,40,33,30,46,27,96,76,195,76,3,3,2,2,45,26,41,25,77,36,72,16,242,144,209,132,165,108,137,116,67,35,77,36,804,406,502,384,81,61,104,41,12,0,13,0,16,19,4,13,1,0,0,0,4,1,-3,2,0,1,38.5,40,1.5,17,0,8.5,39.5,28.5,-11,13,-3,5,145.5,76,-69.5,99,0,49.5,2.5,2.5,0,-1,-1,-1,43,25.5,-17.5,-4,-1,-2.5,74.5,26,-48.5,-5,-20,-12.5,151,112,-39,-28,8,-10,72,35.5,-36.5,10,1,5.5,653,395,-258,-302,-22,-162,92.5,51,-41.5,23,-20,1.5,12.5,0,-12.5,1,0,0.5,10,16,6,-12,-6,-9,0.5,0,-0.5,-1,0,-0.5,2.3863617875,0.369056238,-1.011216916,-1.340332375,-3.182527304,0.1602840977,-1.305396471,0.6251038103
"CU-18-1",5,2,5,2,40,30,60,36,42,33,46,38,125,90,160,82,2,2,2,3,42,25,43,27,81,28,71,41,215,112,202,130,134,84,131,89,176,41,76,40,402,282,NA,320,98,115,49,89,22,0,4,0,9,7,13,13,147,85,134,86,5,2,-3,0,0,0,50,33,-17,20,6,13,44,35.5,-8.5,4,5,4.5,142.5,86,-56.5,35,-8,13.5,2,2.5,0.5,0,1,0.5,42.5,26,-16.5,1,2,1.5,76,34.5,-41.5,-10,13,1.5,132.5,86.5,-46,-3,5,1,126,40.5,-85.5,-100,-1,-50.5,402,301,-101,NA,38,38,73.5,102,28.5,-49,-26,-37.5,13,0,-13,-18,0,-9,11,10,-1,4,6,5,140.5,85.5,-55,-13,1,-6,3.203948808,0.1999695318,-0.658698484,-1.643622695,-4.047311817,1.1140857459,0.5716373572,-0.422798993
"CU-40-1",4,NA,3,1,47,29,31,32,43,33,35,31,112,93,46,80,2,2,2,2,42,24,46,25,83,51,26,23,265,158,157,123,182,107,131,100,106,46,88,47,365,NA,270,368,25,47,20,37,120,16,31,0,6,2,3,6,159,7,0,0,3.5,1,-2.5,-1,NA,-1,39,30.5,-8.5,-16,3,-6.5,39,32,-7,-8,-2,-5,79,86.5,7.5,-66,-13,-39.5,2,2,0,0,0,0,44,24.5,-19.5,4,1,2.5,54.5,37,-17.5,-57,-28,-42.5,156.5,103.5,-53,-51,-7,-29,97,46.5,-50.5,-18,1,-8.5,317.5,368,50.5,-95,NA,-95,22.5,42,19.5,-5,-10,-7.5,75.5,8,-67.5,-89,-16,-52.5,4.5,4,-0.5,-3,4,0.5,79.5,3.5,-76,-159,-7,-83,0.9616625822,-0.79212695,-1.618049793,-0.284648988,-2.053796612,0.216123816,0.9911812657,-3.30636608
"CL-63-2",5,3,5,4,38,34,51,31,39,36,42,34,124,75,142,90,3,3,2,3,42,26,44,26,48,37,71,22,170,122,189,113,122,85,118,91,99,43,73,42,459,507,560,476,82,45,69,62,127,65,137,69,26,27,35,14,32,53,47,54,5,3.5,-1.5,0,1,0.5,44.5,32.5,-12,13,-3,5,40.5,35,-5.5,3,-2,0.5,133,82.5,-50.5,18,15,16.5,2.5,3,0.5,-1,0,-0.5,43,26,-17,2,0,1,59.5,29.5,-30,23,-15,4,120,88,-32,-4,6,1,86,42.5,-43.5,-26,-1,-13.5,509.5,491.5,-18,101,-31,35,75.5,53.5,-22,-13,17,2,132,67,-65,10,4,7,30.5,20.5,-10,9,-13,-2,39.5,53.5,14,15,1,8,2.3900957198,1.2740455755,0.5394106149,-1.415748049,-2.493895378,0.418298965,-0.306902531,0.4829275757
"CU-55-1",5,4,5,5,48,39,51,32,45,40,48,40,126,80,151,93,3,3,2,2,47,26,41,24,66,41,52,41,194,145,161,162,128,104,109,121,77,47,72,55,493,530,325,NA,57,61,151,54,54,9,6,7,14,16,5,8,25,39,112,92,5,4.5,-0.5,0,1,0.5,49.5,35.5,-14,3,-7,-2,46.5,40,-6.5,3,0,1.5,138.5,86.5,-52,25,13,19,2.5,2.5,0,-1,-1,-1,44,25,-19,-6,-2,-4,59,41,-18,-14,0,-7,118.5,112.5,-6,-19,17,-1,74.5,51,-23.5,-5,8,1.5,409,530,121,-168,NA,-168,104,57.5,-46.5,94,-7,43.5,30,8,-22,-48,-2,-25,9.5,12,2.5,-9,-8,-8.5,68.5,65.5,-3,87,53,70,1.8240710702,0.8308005759,1.1003337971,-0.496523144,-1.022427302,0.0962409281,-1.398022536,-0.040784062
"CL-31-3",5,1,5,2,30,13,30,16,37,26,35,27,148,103,147,80,2,2,2,3,44,25,44,26,39,14,42,12,162,94,173,100,123,80,131,88,80,36,83,41,480,352,544,445,58,59,78,99,85,4,98,9,7,5,12,5,81,0,30,0,5,1.5,-3.5,0,1,0.5,30,14.5,-15.5,0,3,1.5,36,26.5,-9.5,-2,1,-0.5,147.5,91.5,-56,-1,-23,-12,2,2.5,0.5,0,1,0.5,44,25.5,-18.5,0,1,0.5,40.5,13,-27.5,3,-2,0.5,127,84,-43,8,8,8,81.5,38.5,-43,3,5,4,512,398.5,-113.5,64,93,78.5,68,79,11,20,40,30,91.5,6.5,-85,13,5,9,9.5,5,-4.5,5,0,2.5,55.5,0,-55.5,-51,0,-25.5,1.5925641795,0.0940839334,-2.29762677,-1.857691772,-3.465751087,0.4711645225,0.7569949707,0.6912931757
"CU-31-1",3,0,NA,0,10,9,7,10,23,22,28,34,27,82,43,91,1,1,2,2,43,26,44,26,16,11,16,12,81,59,86,70,65,48,70,58,57,15,55,20,63,227,91,224,7,14,12,14,32,0,43,9,0,0,1,1,10,27,10,0,3,0,-3,NA,0,0,8.5,9.5,1,-3,1,-1,25.5,28,2.5,5,12,8.5,35,86.5,51.5,16,9,12.5,1.5,1.5,0,1,1,1,43.5,26,-17.5,1,0,0.5,16,11.5,-4.5,0,1,0.5,67.5,53,-14.5,5,10,7.5,56,17.5,-38.5,-2,5,1.5,77,225.5,148.5,28,-3,12.5,9.5,14,4.5,5,0,2.5,37.5,4.5,-33,11,9,10,0.5,0.5,0,1,1,1,10,13.5,3.5,0,-27,-13.5,-3.333636927,-1.832940891,-4.19951186,-2.458751062,0.015062922,-0.124830194,0.3886937866,0.5634653848
"CU-44-2",5,3,5,3,57,45,58,41,52,37,50,41,36,100,122,78,2,2,2,2,45,25,46,24,54,27,45,38,174,126,149,123,120,99,104,85,83,46,68,42,147,228,271,292,4,41,14,49,88,13,99,12,0,1,0,1,277,76,232,93,5,3,-2,0,0,0,57.5,43,-14.5,1,-4,-1.5,51,39,-12,-2,4,1,79,89,10,86,-22,32,2,2,0,0,0,0,45.5,24.5,-21,1,-1,0,49.5,32.5,-17,-9,11,1,112,92,-20,-16,-14,-15,75.5,44,-31.5,-15,-4,-9.5,209,260,51,124,64,94,9,45,36,10,8,9,93.5,12.5,-81,11,-1,5,0,1,1,0,0,0,254.5,84.5,-170,-45,17,-14,0.588476394,-0.417407496,-0.416218143,-0.828462676,-1.633890132,0.0212783645,-0.181346587,0.245741794
"CL-51-2",5,3,5,2,48,21,49,45,49,20,46,40,152,85,104,100,2,3,3,3,44,26,44,27,53,37,64,42,174,116,174,117,121,79,110,75,72,35,71,38,536,411,455,447,101,62,68,52,161,58,127,47,15,13,17,16,190,92,107,63,5,2.5,-2.5,0,-1,-0.5,48.5,33,-15.5,1,24,12.5,47.5,30,-17.5,-3,20,8.5,128,92.5,-35.5,-48,15,-16.5,2.5,3,0.5,1,0,0.5,44,26.5,-17.5,0,1,0.5,58.5,39.5,-19,11,5,8,115.5,77,-38.5,-11,-4,-7.5,71.5,36.5,-35,-1,3,1,495.5,429,-66.5,-81,36,-22.5,84.5,57,-27.5,-33,-10,-21.5,144,52.5,-91.5,-34,-11,-22.5,16,14.5,-1.5,2,3,2.5,148.5,77.5,-71,-83,-29,-56,2.2907898525,0.9206738619,-0.344483138,-1.335029635,-3.097362239,0.304909001,0.8040309173,0.2368254544
"CL-66-2",4,1,5,0,40,35,38,32,43,39,46,40,115,98,104,105,4,3,2,2,45,27,42,27,17,22,44,20,103,102,193,110,86,80,149,90,64,39,86,37,417,343,257,329,38,52,37,80,11,0,138,39,7,2,6,12,0,0,124,0,4.5,0.5,-4,1,-1,0,39,33.5,-5.5,-2,-3,-2.5,44.5,39.5,-5,3,1,2,109.5,101.5,-8,-11,7,-2,3,2.5,-0.5,-2,-1,-1.5,43.5,27,-16.5,-3,0,-1.5,30.5,21,-9.5,27,-2,12.5,117.5,85,-32.5,63,10,36.5,75,38,-37,22,-2,10,337,336,-1,-160,-14,-87,37.5,66,28.5,-1,28,13.5,74.5,19.5,-55,127,39,83,6.5,7,0.5,-1,10,4.5,62,0,-62,124,0,62,0.3823598508,0.5478741549,-0.958646692,-1.269431226,-1.822794839,-0.015610408,-2.042854151,1.3024277627
"CU-21-2",5,0,5,0,36,11,44,12,38,30,42,26,210,158,211,125,2,2,2,2,43,27,45,26,50,68,50,39,255,217,232,177,205,149,182,138,88,49,116,42,497,510,368,427,83,20,11,16,76,61,92,43,12,6,13,3,164,25,98,53,5,0,-5,0,0,0,40,11.5,-28.5,8,1,4.5,40,28,-12,4,-4,0,210.5,141.5,-69,1,-33,-16,2,2,0,0,0,0,44,26.5,-17.5,2,-1,0.5,50,53.5,3.5,0,-29,-14.5,193.5,143.5,-50,-23,-11,-17,102,45.5,-56.5,28,-7,10.5,432.5,468.5,36,-129,-83,-106,47,18,-29,-72,-4,-38,84,52,-32,16,-18,-1,12.5,4.5,-8,1,-3,-1,131,39,-92,-66,28,-19,3.5194873766,-0.189449763,-2.508667464,1.7227769939,-4.00717057,-0.018129312,0.040009463,-0.808867327
"CL-17-3",5,4,5,NA,35,7,32,6,38,19,43,21,119,39,111,32,2,3,3,2,38,34,36,34,33,31,45,26,149,84,160,67,116,53,115,41,77,38,81,23,434,655,402,595,100,9,69,9,8,7,20,5,0,0,2,0,237,0,232,24,5,4,-1,0,NA,0,33.5,6.5,-27,-3,-1,-2,40.5,20,-20.5,5,2,3.5,115,35.5,-79.5,-8,-7,-7.5,2.5,2.5,0,1,-1,0,37,34,-3,-2,0,-1,39,28.5,-10.5,12,-5,3.5,115.5,47,-68.5,-1,-12,-6.5,79,30.5,-48.5,4,-15,-5.5,418,625,207,-32,-60,-46,84.5,9,-75.5,-31,0,-15.5,14,6,-8,12,-2,5,1,0,-1,2,0,1,234.5,12,-222.5,-5,24,9.5,1.1201985047,-0.030096121,-1.306677251,-2.782980364,-3.627035732,1.8585851778,-0.357890428,-0.319874433
"CL-31-1",5,3,5,NA,36,28,38,20,42,37,38,35,142,134,167,111,2,2,2,2,47,26,44,25,62,27,84,31,210,170,254,141,148,143,170,110,72,44,186,37,558,459,665,460,151,125,130,107,26,2,132,6,21,42,4,13,301,108,118,0,5,3,-2,0,NA,0,37,24,-13,2,-8,-3,40,36,-4,-4,-2,-3,154.5,122.5,-32,25,-23,1,2,2,0,0,0,0,45.5,25.5,-20,-3,-1,-2,73,29,-44,22,4,13,159,126.5,-32.5,22,-33,-5.5,129,40.5,-88.5,114,-7,53.5,611.5,459.5,-152,107,1,54,140.5,116,-24.5,-21,-18,-19.5,79,4,-75,106,4,55,12.5,27.5,15,-17,-29,-23,209.5,54,-155.5,-183,-108,-145.5,4.4053073605,0.909498595,-0.294110064,-1.106398406,-3.79849377,0.4216749151,-0.928261234,1.3257370115
"CU-29-3",2,0,2,3,15,12,25,11,35,35,41,27,121,80,125,73,2,3,2,2,45,27,45,25,49,29,47,15,153,91,151,87,104,62,104,72,61,33,64,32,508,375,653,281,12,6,16,19,16,4,24,5,2,3,3,4,104,54,231,94,2,1.5,-0.5,0,3,1.5,20,11.5,-8.5,10,-1,4.5,38,31,-7,6,-8,-1,123,76.5,-46.5,4,-7,-1.5,2,2.5,0.5,0,-1,-0.5,45,26,-19,0,-2,-1,48,22,-26,-2,-14,-8,104,67,-37,0,10,5,62.5,32.5,-30,3,-1,1,580.5,328,-252.5,145,-94,25.5,14,12.5,-1.5,4,13,8.5,20,4.5,-15.5,8,1,4.5,2.5,3.5,1,1,1,1,167.5,74,-93.5,127,40,83.5,0.2130275544,-1.148286648,-2.395173555,-1.878340917,-1.880671172,0.2505624497,-0.17945863,0.7109161163
"CU-44-1",5,0,4,1,49,22,48,26,40,35,38,31,113,81,100,98,2,2,2,2,45,27,45,25,50,27,56,34,192,88,181,35,142,61,125,1,116,32,102,51,395,42,291,305,17,35,27,36,152,28,101,11,2,0,0,1,230,236,279,46,4.5,0.5,-4,-1,1,0,48.5,24,-24.5,-1,4,1.5,39,33,-6,-2,-4,-3,106.5,89.5,-17,-13,17,2,2,2,0,0,0,0,45,26,-19,0,-2,-1,53,30.5,-22.5,6,7,6.5,133.5,31,-102.5,-17,-60,-38.5,109,41.5,-67.5,-14,19,2.5,343,173.5,-169.5,-104,263,79.5,22,35.5,13.5,10,1,5.5,126.5,19.5,-107,-51,-17,-34,1,0.5,-0.5,-2,1,-0.5,254.5,141,-113.5,49,-190,-70.5,1.7300196415,-0.757879982,-2.573251951,-1.543569471,-4.590162561,0.1727792009,0.417235681,-0.22758514
"CL-7-2",4,NA,3,NA,36,21,29,11,38,34,27,21,164,120,79,67,2,2,2,2,44,26,48,26,92,48,51,13,188,103,147,84,96,55,96,71,73,39,50,27,403,442,3.35,57,37,65,15,19,52,24,42,8,2,1,0,1,234,120,144,31,3.5,NA,NA,-1,NA,-1,32.5,16,-16.5,-7,-10,-8.5,32.5,27.5,-5,-11,-13,-12,121.5,93.5,-28,-85,-53,-69,2,2,0,0,0,0,46,26,-20,4,0,2,71.5,30.5,-41,-41,-35,-38,96,63,-33,0,16,8,61.5,33,-28.5,-23,-12,-17.5,203.175,249.5,46.325,-399.65,-385,-392.325,26,42,16,-22,-46,-34,47,16,-31,-10,-16,-13,1,1,0,-2,0,-1,189,75.5,-113.5,-90,-89,-89.5,-0.034426399,-1.615576076,NA,NA,NA,NA,-0.082718495,-4.200609726
"CL-10-2",3,2,3,1,31,30,27,26,36,35,28,35,103,95,110,98,2,3,3,3,45,27,45,27,47,35,44,28,190,123,142,87,143,88,98,59,93,46,87,37,463,445,330,440,43,74,151,38,62,10,60,10,39,29,48,2,99,179,139,95,3,1.5,-1.5,0,-1,-0.5,29,28,-1,-4,-4,-4,32,35,3,-8,0,-4,106.5,96.5,-10,7,3,5,2.5,3,0.5,1,0,0.5,45,27,-18,0,0,0,45.5,31.5,-14,-3,-7,-5,120.5,73.5,-47,-45,-29,-37,90,41.5,-48.5,-6,-9,-7.5,396.5,442.5,46,-133,-5,-69,97,56,-41,108,-36,36,61,10,-51,-2,0,-1,43.5,15.5,-28,9,-27,-9,119,137,18,40,-84,-22,1.0579097221,1.4631609071,-0.405109948,-1.347535045,-1.554338345,-0.349857718,0.0552201241,-1.137647157
"CL-18-2",5,1,5,1,43,30,48,33,40,34,49,34,165,101,161,112,2,3,3,3,45,25,49,25,81,67,72,63,189,168,197,156,108,101,125,93,83,51,94,57,377,471,433,512,13,41,13,NA,115,7,65,NA,0,5,5,NA,82,104,53,NA,5,1,-4,0,0,0,45.5,31.5,-14,5,3,4,44.5,34,-10.5,9,0,4.5,163,106.5,-56.5,-4,11,3.5,2.5,3,0.5,1,0,0.5,47,25,-22,4,0,2,76.5,65,-11.5,-9,-4,-6.5,116.5,97,-19.5,17,-8,4.5,88.5,54,-34.5,11,6,8.5,405,491.5,86.5,56,41,48.5,13,41,28,0,NA,0,90,7,-83,-50,NA,-50,2.5,5,2.5,5,NA,5,67.5,104,36.5,-29,NA,-29,2.2280693316,-0.298162053,-0.396902499,0.8000077878,-2.284674226,0.5293508715,1.0155857666,0.2909495145
"CL-30-2",4,3,4,2,49,41,35,51,49,45,45,52,205,135,69,143,2,3,3,3,41,28,47,28,74,37,13,36,295,196,110,172,221,159,97,136,96,53,73,51,634,572,126,555,4,8,2,5,128,92,57,40,5,12,1,10,12,3,5,19,4,2.5,-1.5,0,-1,-0.5,42,46,4,-14,10,-2,47,48.5,1.5,-4,7,1.5,137,139,2,-136,8,-64,2.5,3,0.5,1,0,0.5,44,28,-16,6,0,3,43.5,36.5,-7,-61,-1,-31,159,147.5,-11.5,-124,-23,-73.5,84.5,52,-32.5,-23,-2,-12.5,380,563.5,183.5,-508,-17,-262.5,3,6.5,3.5,-2,-3,-2.5,92.5,66,-26.5,-71,-52,-61.5,3,11,8,-4,-2,-3,8.5,11,2.5,-7,16,4.5,1.5004691743,-0.355869845,1.8620265314,1.3989293521,0.3358574692,0.9571463135,1.4196238054,-3.823155024
"CL-9-2",5,4,5,4,39,30,41,23,38,29,42,23,174,109,113,102,2,2,4,2,44,26,49,26,56,32,42,40,200,145,143,136,144,85,101,96,75,40,78,41,497,304,515,228,20,24,26,8,27,15,30,20,2,0,15,1,206,198,68,107,5,4,-1,0,0,0,40,26.5,-13.5,2,-7,-2.5,40,26,-14,4,-6,-1,143.5,105.5,-38,-61,-7,-34,3,2,-1,2,0,1,46.5,26,-20.5,5,0,2.5,49,36,-13,-14,8,-3,122.5,90.5,-32,-43,11,-16,76.5,40.5,-36,3,1,2,506,266,-240,18,-76,-29,23,16,-7,6,-16,-5,28.5,17.5,-11,3,5,4,8.5,0.5,-8,13,1,7,137,152.5,15.5,-138,-91,-114.5,1.1946556183,0.6786688597,-1.636494879,-0.726944767,-2.284291036,-1.300817381,1.3117080739,-0.84904
"CL-13-3",5,5,5,5,52,51,56,50,44,41,43,43,113,88,130,87,3,3,3,3,46,28,43,28,52,23,47,19,190,121,164,121,138,98,117,102,83,46,108,55,568,495,431,470,3,19,9,24,128,14,137,44,0,0,3,0,0,0,220,2,5,5,0,0,0,0,54,50.5,-3.5,4,-1,1.5,43.5,42,-1.5,-1,2,0.5,121.5,87.5,-34,17,-1,8,3,3,0,0,0,0,44.5,28,-16.5,-3,0,-1.5,49.5,21,-28.5,-5,-4,-4.5,127.5,100,-27.5,-21,4,-8.5,95.5,50.5,-45,25,9,17,499.5,482.5,-17,-137,-25,-81,6,21.5,15.5,6,5,5.5,132.5,29,-103.5,9,30,19.5,1.5,0,-1.5,3,0,1.5,110,1,-109,220,2,111,1.7709371291,0.231699878,1.85673216,-0.776481296,-1.647816857,0.6560150675,-0.715906416,0.3795755952
"CL-30-1",5,2,5,NA,45,17,39,22,43,28,39,37,142,96,141,117,2,2,2,2,47,26,46,26,54,53,47,50,218,221,171,220,164,168,124,170,95,49,97,61,398,365,205,317,21,30,6,23,294,91,212,81,10,2,9,3,97,0,199,0,5,2,-3,0,NA,0,42,19.5,-22.5,-6,5,-0.5,41,32.5,-8.5,-4,9,2.5,141.5,106.5,-35,-1,21,10,2,2,0,0,0,0,46.5,26,-20.5,-1,0,-0.5,50.5,51.5,1,-7,-3,-5,144,169,25,-40,2,-19,96,55,-41,2,12,7,301.5,341,39.5,-193,-48,-120.5,13.5,26.5,13,-15,-7,-11,253,86,-167,-82,-10,-46,9.5,2.5,-7,-1,1,0,148,0,-148,102,0,51,2.3288931641,-0.574631425,-1.423672754,1.6470966497,-2.44822383,-0.372136196,-0.297163372,-0.566969387
"CL-64-1",5,3,5,2,27,23,39,26,41,37,44,30,213,96,208,113,2,3,2,3,45,29,43,28,74,26,58,29,206,111,192,107,132,85,134,78,79,34,78,37,402,438,243,400,4,3,13,63,95,38,119,32,1,2,1,9,6,6,5,4,5,2.5,-2.5,0,-1,-0.5,33,24.5,-8.5,12,3,7.5,42.5,33.5,-9,3,-7,-2,210.5,104.5,-106,-5,17,6,2,3,1,0,0,0,44,28.5,-15.5,-2,-1,-1.5,66,27.5,-38.5,-16,3,-6.5,133,81.5,-51.5,2,-7,-2.5,78.5,35.5,-43,-1,3,1,322.5,419,96.5,-159,-38,-98.5,8.5,33,24.5,9,60,34.5,107,35,-72,24,-6,9,1,5.5,4.5,0,7,3.5,5.5,5,-0.5,-1,-2,-1.5,2.3530585539,-1.237540716,-0.702069844,-1.272937781,-3.04387241,2.2182370246,-0.174315933,0.0743936014
"CL-8-3",5,3,5,2,43,23,52,26,43,43,51,40,160,143,143,111,2,2,3,3,43,26,50,28,46,25,40,30,206,275,149,170,160,250,109,140,92,43,85,42,391,691,533,715,71,108,98,43,72,2,128,14,14,15,13,10,3,3,0,0,5,2.5,-2.5,0,-1,-0.5,47.5,24.5,-23,9,3,6,47,41.5,-5.5,8,-3,2.5,151.5,127,-24.5,-17,-32,-24.5,2.5,2.5,0,1,1,1,46.5,27,-19.5,7,2,4.5,43,27.5,-15.5,-6,5,-0.5,134.5,195,60.5,-51,-110,-80.5,88.5,42.5,-46,-7,-1,-4,462,703,241,142,24,83,84.5,75.5,-9,27,-65,-19,100,8,-92,56,12,34,13.5,12.5,-1,-1,-5,-3,1.5,1.5,0,-3,-3,-3,2.2313257428,1.166699148,0.6855877076,0.6925897593,-1.367993727,-0.103670725,1.4450920917,-1.032566661
"CU-73-1",5,0,5,4,41,20,49,43,45,37,47,45,141,102,101,93,2,2,3,3,45,26,49,27,56,26,47,48,198,180,156,141,142,154,109,93,73,62,79,52,340,336,168,322,14,48,29,44,124,47,71,18,0,1,0,12,3,0,122,14,5,2,-3,0,4,2,45,31.5,-13.5,8,23,15.5,46,41,-5,2,8,5,121,97.5,-23.5,-40,-9,-24.5,2.5,2.5,0,1,1,1,47,26.5,-20.5,4,1,2.5,51.5,37,-14.5,-9,22,6.5,125.5,123.5,-2,-33,-61,-47,76,57,-19,6,-10,-2,254,329,75,-172,-14,-93,21.5,46,24.5,15,-4,5.5,97.5,32.5,-65,-53,-29,-41,0,6.5,6.5,0,11,5.5,62.5,7,-55.5,119,14,66.5,0.8952150833,-0.149062603,-0.195788354,0.2486323334,-1.140497595,0.1354611221,1.8474443455,0.3012978433
"CL-57-2",5,2,3,4,41,21,27,21,43,28,29,36,101,55,28,103,3,3,3,2,50,26,49,24,38,19,11,51,140,123,49,120,102,104,38,69,86,37,49,35,298,340,82,NA,11,4,7,8,59,18,1,16,3,0,NA,7,31,1,NA,0,4,3,-1,-2,2,0,34,21,-13,-14,0,-7,36,32,-4,-14,8,-3,64.5,79,14.5,-73,48,-12.5,3,2.5,-0.5,0,-1,-0.5,49.5,25,-24.5,-1,-2,-1.5,24.5,35,10.5,-27,32,2.5,70,86.5,16.5,-64,-35,-49.5,67.5,36,-31.5,-37,-2,-19.5,190,340,150,-216,NA,-216,9,6,-3,-4,4,0,30,17,-13,-58,-2,-30,3,3.5,0.5,NA,7,7,31,0.5,-30.5,NA,-1,-1,-2.102187855,0.2762213053,-1.471076998,-1.20732754,0.3190532765,-1.092948591,-0.551239498,-2.076636792
"CU-3-1",4,0.5,4,0.5,28,25,30.5,24.5,36,41.5,38,36,121,91,83,96.5,2,2.5,2.5,2,45.5,27,49.5,27,49,39.5,42,32.5,141.5,101,124,95,92.5,61.5,82,62.5,56,32,57.5,31,293.5,337.5,300.5,297,53.5,82.5,44.5,72.5,177,22.5,159,36.5,8,16,16,12.5,13,6,22,5.5,4,0.5,-3.5,0,0,0,29.25,24.75,-4.5,2.5,-0.5,1,37,38.75,1.75,2,-5.5,-1.75,102,93.75,-8.25,-38,5.5,-16.25,2.25,2.25,0,0.5,-0.5,0,47.5,27,-20.5,4,0,2,45.5,36,-9.5,-7,-7,-7,87.25,62,-25.25,-10.5,1,-4.75,56.75,31.5,-25.25,1.5,-1,0.25,297,317.25,20.25,7,-40.5,-16.75,49,77.5,28.5,-9,-10,-9.5,168,29.5,-138.5,-18,14,-2,12,14.25,2.25,8,-3.5,2.25,17.5,5.75,-11.75,9,-0.5,4.25,-0.126353677,-0.155483757,-1.388598696,-1.775310439,-1.308748917,0.0028830211,0.2893544474,-0.500460642
"CU-60-2",1,2,3,1,13,31,39,28,38,29,43,37,82,96,91,101,2,2,2,2,49,28,45,27,64,68,67,70,174,175,186,178,110,107,119,108,63,46,72,51,243,402,186,274,86,83,126,107,122,21,71,54,29,11,30,51,166,104,400,97,2,1.5,-0.5,2,-1,0.5,26,29.5,3.5,26,-3,11.5,40.5,33,-7.5,5,8,6.5,86.5,98.5,12,9,5,7,2,2,0,0,0,0,47,27.5,-19.5,-4,-1,-2.5,65.5,69,3.5,3,2,2.5,114.5,107.5,-7,9,1,5,67.5,48.5,-19,9,5,7,214.5,338,123.5,-57,-128,-92.5,106,95,-11,40,24,32,96.5,37.5,-59,-51,33,-9,29.5,31,1.5,1,40,20.5,283,100.5,-182.5,234,-7,113.5,0.842901898,0.1801308441,-0.451092844,-0.184414567,0.2205826672,-0.084826193,0.0611827472,1.33940243
"CL-47-2",5,3,4,2,49,37,50,38,43,41,43,38,110,150,173,108,3,2,2,3,53,25,45,27,45,28,47,37,146,135,154,113,101,107,107,76,88,50,84,45,320,340,230,417,7,39,25,31,102,39,119,40,13,0,5,2,147,NA,138,84,4.5,2.5,-2,-1,-1,-1,49.5,37.5,-12,1,1,1,43,39.5,-3.5,0,-3,-1.5,141.5,129,-12.5,63,-42,10.5,2.5,2.5,0,-1,1,0,49,26,-23,-8,2,-3,46,32.5,-13.5,2,9,5.5,104,91.5,-12.5,6,-31,-12.5,86,47.5,-38.5,-4,-5,-4.5,275,378.5,103.5,-90,77,-6.5,16,35,19,18,-8,5,110.5,39.5,-71,17,1,9,9,1,-8,-8,2,-3,142.5,84,-58.5,-9,NA,-9,0.9779149562,0.0757101915,-0.188327143,0.0453703782,-1.331500793,-0.32880487,-0.726724041,-0.21851348
"CL-28-1",5,3,5,NA,44,21,39,10,43,NA,40,42,129,130,132,126,3,3,3,2,47,30,44,30,43,18,40,10,116,76,115,76,73,58,75,66,62,27,56,24,345,446,253,467,10,25,4,10,41,30,84,31,2,19,3,2,36,40,48,27,5,3,-2,0,NA,0,41.5,15.5,-26,-5,-11,-8,41.5,42,0.5,-3,NA,-3,130.5,128,-2.5,3,-4,-0.5,3,2.5,-0.5,0,-1,-0.5,45.5,30,-15.5,-3,0,-1.5,41.5,14,-27.5,-3,-8,-5.5,74,62,-12,2,8,5,59,25.5,-33.5,-6,-3,-4.5,299,456.5,157.5,-92,21,-35.5,7,17.5,10.5,-6,-15,-10.5,62.5,30.5,-32,43,1,22,2.5,10.5,8,1,-17,-8,42,33.5,-8.5,12,-13,-0.5,-0.336301779,0.0639439234,-0.605332795,-1.895109728,-1.264918801,0.3140318077,-1.11703428,-0.638010833
"CU-86-1",4,1,5,2,41,23,50,35,42,32,49,43,108,152,80,110,2,1,3,2,46,28,51,26,84,57,60,47,222,149,224,179,138,92,164,132,68,44,94,63,152,215,366,183,9,9,3,4,66,1,143,96,0,0,4,0,1,0,16,2,4.5,1.5,-3,1,1,1,45.5,29,-16.5,9,12,10.5,45.5,37.5,-8,7,11,9,94,131,37,-28,-42,-35,2.5,1.5,-1,1,1,1,48.5,27,-21.5,5,-2,1.5,72,52,-20,-24,-10,-17,151,112,-39,26,40,33,81,53.5,-27.5,26,19,22.5,259,199,-60,214,-32,91,6,6.5,0.5,-6,-5,-5.5,104.5,48.5,-56,77,95,86,2,0,-2,4,0,2,8.5,1,-7.5,15,2,8.5,1.1594584947,-0.296632526,-1.695963498,1.2726222298,-1.844930491,-1.380809723,1.1566245347,1.7175815467
"CL-23-2",5,4,5,4,40,30,43,29,40,34,43,43,84,65,89,92,3,3,3,2,47,28,50,27,32,18,34,38,141,91,133,113,109,73,99,75,73,28,62,39,307,347,286,335,16,24,34,46,43,10,30,19,33,1,25,7,188,238,293,217,5,4,-1,0,0,0,41.5,29.5,-12,3,-1,1,41.5,38.5,-3,3,9,6,86.5,78.5,-8,5,27,16,3,2.5,-0.5,0,-1,-0.5,48.5,27.5,-21,3,-1,1,33,28,-5,2,20,11,104,74,-30,-10,2,-4,67.5,33.5,-34,-11,11,0,296.5,341,44.5,-21,-12,-16.5,25,35,10,18,22,20,36.5,14.5,-22,-13,9,-2,29,4,-25,-8,6,-1,240.5,227.5,-13,105,-21,42,-0.178201693,1.762267991,-0.077384057,-1.912630544,-1.046862737,-1.090447497,-0.49471711,0.6859914071
"CU-50-2",4,NA,4,2,32,11,37,28,38,34,32,31,81,70,107,73,3,3,2,2,53,29,45,25,36,12,39,32,139,95,125,127,103,83,86,95,68,37,56,40,379,488,242,390,74,113,67,136,163,5,161,42,32,15,5,6,15,14,20,26,4,2,-2,0,NA,0,34.5,19.5,-15,5,17,11,35,32.5,-2.5,-6,-3,-4.5,94,71.5,-22.5,26,3,14.5,2.5,2.5,0,-1,-1,-1,49,27,-22,-8,-4,-6,37.5,22,-15.5,3,20,11.5,94.5,89,-5.5,-17,12,-2.5,62,38.5,-23.5,-12,3,-4.5,310.5,439,128.5,-137,-98,-117.5,70.5,124.5,54,-7,23,8,162,23.5,-138.5,-2,37,17.5,18.5,10.5,-8,-27,-9,-18,17.5,20,2.5,5,12,8.5,-0.187736225,0.6194266581,-0.99428672,-2.214139878,-1.219937925,-0.005615304,-1.867206585,0.4723373824
"CL-5-2",4,2,5,3.5,53,29,43,23.5,44,30,41,30.5,173,128,132,119,2,2,2.5,2,49,26,50,28,62,43,45,40.5,235,188,171,154.5,173,145,126,114,91,43,80.5,41.5,372,249,257,310.5,1,9,4,16,217,66,140,51,0,0,4,1,0,0,87,24.5,4.5,2.75,-1.75,1,1.5,1.25,48,26.25,-21.75,-10,-5.5,-7.75,42.5,30.25,-12.25,-3,0.5,-1.25,152.5,123.5,-29,-41,-9,-25,2.25,2,-0.25,0.5,0,0.25,49.5,27,-22.5,1,2,1.5,53.5,41.75,-11.75,-17,-2.5,-9.75,149.5,129.5,-20,-47,-31,-39,85.75,42.25,-43.5,-10.5,-1.5,-6,314.5,279.75,-34.75,-115,61.5,-26.75,2.5,12.5,10,3,7,5,178.5,58.5,-120,-77,-15,-46,2,0.5,-1.5,4,1,2.5,43.5,12.25,-31.25,87,24.5,55.75,1.7646327181,-0.630118633,-1.589697538,0.5264669688,-2.608513491,-0.460459396,0.836277228,-1.313961339
"CL-20-2",4,5,4,0,34,28,31,15,39,41,38,30,166,134,145,145,2,3,2,2,48,31,46,28,56,17,54,32,159,111,142,103,103,94,88,71,71,31,58,28,236,401,NA,315,12,22,10,5,173,69,173,65,12,NA,5,5,4,NA,6,1,4,2.5,-1.5,0,-5,-2.5,32.5,21.5,-11,-3,-13,-8,38.5,35.5,-3,-1,-11,-6,155.5,139.5,-16,-21,11,-5,2,2.5,0.5,0,-1,-0.5,47,29.5,-17.5,-2,-3,-2.5,55,24.5,-30.5,-2,15,6.5,95.5,82.5,-13,-15,-23,-19,64.5,29.5,-35,-13,-3,-8,236,358,122,NA,-86,-86,11,13.5,2.5,-2,-17,-9.5,173,67,-106,0,-4,-2,8.5,5,-3.5,-7,NA,-7,5,1,-4,2,NA,2,0.657985738,-1.077180008,-1.207027358,-0.844425702,-1.537990053,0.6419214083,-1.546900526,-1.815198416
"CU-62-1",5,2,5,5,55,31,54,41,43,34,44,37,162,119,185,89,2,2,2,4,49,26,50,28,41,11,49,14,144,102,164,120,103,91,115,106,74,38,82,46,371,381,312,554,32,55,NA,68,88,10,NA,19,2,3,NA,2,46,270,NA,279,5,3.5,-1.5,0,3,1.5,54.5,36,-18.5,-1,10,4.5,43.5,35.5,-8,1,3,2,173.5,104,-69.5,23,-30,-3.5,2,3,1,0,2,1,49.5,27,-22.5,1,2,1.5,45,12.5,-32.5,8,3,5.5,109,98.5,-10.5,12,15,13.5,78,42,-36,8,8,8,341.5,467.5,126,-59,173,57,32,61.5,29.5,NA,13,13,88,14.5,-73.5,NA,9,9,2,2.5,0.5,NA,-1,-1,46,274.5,228.5,NA,9,9,1.2736019405,-0.237773537,0.4149733085,-1.278025042,-1.774369227,1.0047711088,0.9362149621,1.3869300323
"CU-22-1",3,3,NA,5,16.5,17.5,7,19.5,34,39,32,38,115.5,111,87,93.5,2,2,3.5,3.5,45.5,27,51.5,30,37,46,29.5,28,134.5,123.5,60,110,97.5,77.5,30.5,82,69,37,54.5,34,337,372,261.5,384,22,63,51,73,107,22.5,21.5,25.5,2,11,37,69,167.5,163,256,59.5,3,4,1,NA,2,2,11.75,18.5,6.75,-9.5,2,-3.75,33,38.5,5.5,-2,-1,-1.5,101.25,102.25,1,-28.5,-17.5,-23,2.75,2.75,0,1.5,1.5,1.5,48.5,28.5,-20,6,3,4.5,33.25,37,3.75,-7.5,-18,-12.75,64,79.75,15.75,-67,4.5,-31.25,61.75,35.5,-26.25,-14.5,-3,-8.75,299.25,378,78.75,-75.5,12,-31.75,36.5,68,31.5,29,10,19.5,64.25,24,-40.25,-85.5,3,-41.25,19.5,40,20.5,35,58,46.5,211.75,111.25,-100.5,88.5,-103.5,-7.5,-1.047960125,0.3208816729,0.4009560655,-2.246138433,1.6798301947,0.5688104226,2.8732890335,-0.637761721
"CL-1-3",5,5,5,3,33,38,36,27,34,37,38,38,81,107,76,90,4,3,4,3,51,28,49,27,41,42,42,40,134,151,137,110,93,109,95,70,83,62,85,40,220,315,226,350,61,83,36,26,23,37,21,23,8,42,21,9,3,1,3,1,5,4,-1,0,-2,-1,34.5,32.5,-2,3,-11,-4,36,37.5,1.5,4,1,2.5,78.5,98.5,20,-5,-17,-11,4,3,-1,0,0,0,50,27.5,-22.5,-2,-1,-1.5,41.5,41,-0.5,1,-2,-0.5,94,89.5,-4.5,2,-39,-18.5,84,51,-33,2,-22,-10,223,332.5,109.5,6,35,20.5,48.5,54.5,6,-25,-57,-41,22,30,8,-2,-14,-8,14.5,25.5,11,13,-33,-10,3,1,-2,0,0,0,-0.704996881,1.9103970882,0.701375639,-1.133780573,0.6490701742,-0.810398586,-0.564712174,-1.242282
"CL-12-2-G",5,2,5,2,37,14,36,20,41,45,43,39,123,115,132,106,3,2,3,3,48,29,48,30,67,32,60,27,186,129,150,121,119,97,90,94,85,46,72,49,591,377,236,408,18,54,26,7,43,13,35,29,9,0,6,0,182,43,126,219,5,2,-3,0,0,0,36.5,17,-19.5,-1,6,2.5,42,42,0,2,-6,-2,127.5,110.5,-17,9,-9,0,3,2.5,-0.5,0,1,0.5,48,29.5,-18.5,0,1,0.5,63.5,29.5,-34,-7,-5,-6,104.5,95.5,-9,-29,-3,-16,78.5,47.5,-31,-13,3,-5,413.5,392.5,-21,-355,31,-162,22,30.5,8.5,8,-47,-19.5,39,21,-18,-8,16,4,7.5,0,-7.5,-3,0,-1.5,154,131,-23,-56,176,60,1.0882100557,0.5849212873,-0.652713432,-0.319502361,-1.910612478,-0.567469741,-0.25586964,-0.851238832
"CL-55-2",NA,0,4,1,NA,23,54,31,NA,31,49,27,NA,70,178,64,3,3,3,3,48,30,48,29,55,38,57,36,177,110,175,117,122,72,118,81,78,32,83,26,NA,382,618,366,41,28,44,26,26,4,42,12,1,16,7,3,11,1,32,25,4,0.5,-3.5,NA,1,1,54,27,-27,NA,8,8,49,29,-20,NA,-4,-4,178,67,-111,NA,-6,-6,3,3,0,0,0,0,48,29.5,-18.5,0,-1,-0.5,56,37,-19,2,-2,0,120,76.5,-43.5,-4,9,2.5,80.5,29,-51.5,5,-6,-0.5,618,374,-244,NA,-16,-16,42.5,27,-15.5,3,-2,0.5,34,8,-26,16,8,12,4,9.5,5.5,6,-13,-3.5,21.5,13,-8.5,21,24,22.5,2.145207117,0.7417933635,-1.396308702,-1.787281578,-4.616187408,0.2325081636,-0.013275144,0.5178866969
"CU-9-3",3,0,3,0,53,28,26,27,50,42,43,46,152,130,89,100,2,3,2,3,48,32,48,31,53,35,48,59,208,182,203,191,155,147,155,132,79,45,75,43,473,620,NA,534,106,78,78,61,69,8,59,11,16,35,4,12,228,73,244,174,3,0,-3,0,0,0,39.5,27.5,-12,-27,-1,-14,46.5,44,-2.5,-7,4,-1.5,120.5,115,-5.5,-63,-30,-46.5,2,3,1,0,0,0,48,31.5,-16.5,0,-1,-0.5,50.5,47,-3.5,-5,24,9.5,155,139.5,-15.5,0,-15,-7.5,77,44,-33,-4,-2,-3,473,577,104,NA,-86,-86,92,69.5,-22.5,-28,-17,-22.5,64,9.5,-54.5,-10,3,-3.5,10,23.5,13.5,-12,-23,-17.5,236,123.5,-112.5,16,101,58.5,1.8938437187,0.2617818508,0.8029019884,0.229779608,-1.096245605,1.0106916714,-0.798806498,-1.453665382
"CL-2-1",4,4,3,NA,39,27,18,35,41,48,36,36,40,112,54,103,2,2,3,3,49,29,51,31,13,34,14,41,82,146,93,131,69,112,79,90,51,42,56,41,154,422,121,270,7,11,15,53,29,25,11,5,1,1,0,36,5,113,3,32,3.5,4,0.5,-1,NA,-1,28.5,31,2.5,-21,8,-6.5,38.5,42,3.5,-5,-12,-8.5,47,107.5,60.5,14,-9,2.5,2.5,2.5,0,1,1,1,50,30,-20,2,2,2,13.5,37.5,24,1,7,4,74,101,27,10,-22,-6,53.5,41.5,-12,5,-1,2,137.5,346,208.5,-33,-152,-92.5,11,32,21,8,42,25,20,15,-5,-18,-20,-19,0.5,18.5,18,-1,35,17,4,72.5,68.5,-2,-81,-41.5,-2.86911651,-0.088634817,0.6783049716,-0.996294131,3.1105917444,-0.068052181,0.5458655426,-0.787866621
"CL-35-3",5,5,5,5,41,47,46,46,40,48,49,48,118,132,182,96,3,2,2,3,57,27,48,28,34,50,36,41,130,127,132,130,96,77,96,89,73,40,66,36,305,301,295,465,54,62,38,80,47,10,34,9,6,13,13,9,163,97,197,263,5,5,0,0,0,0,43.5,46.5,3,5,-1,2,44.5,48,3.5,9,0,4.5,150,114,-36,64,-36,14,2.5,2.5,0,-1,1,0,52.5,27.5,-25,-9,1,-4,35,45.5,10.5,2,-9,-3.5,96,83,-13,0,12,6,69.5,38,-31.5,-7,-4,-5.5,300,383,83,-10,164,77,46,71,25,-16,18,1,40.5,9.5,-31,-13,-1,-7,9.5,11,1.5,7,-4,1.5,180,180,0,34,166,100,0.4511605839,0.8742790568,1.8609237976,-1.143720049,0.6372751121,-0.147320952,-0.535318464,0.5272428872
"CL-41-1",5,3.5,3,0,24.5,27,18.5,19,32,34,27,34.5,77,76,71,73,3,2.5,3.5,2.5,49.5,29,53.5,28,17,27,29,29,92,98,92.5,99.5,75,71,63.5,70.5,54.5,35.5,52.5,37,168.5,328.5,200.5,277.5,1,3,4.5,2.5,100,84,60.5,83,0,0,1,3,31,17,7.5,7,4,1.75,-2.25,-2,-3.5,-2.75,21.5,23,1.5,-6,-8,-7,29.5,34.25,4.75,-5,0.5,-2.25,74,74.5,0.5,-6,-3,-4.5,3.25,2.5,-0.75,0.5,0,0.25,51.5,28.5,-23,4,-1,1.5,23,28,5,12,2,7,69.25,70.75,1.5,-11.5,-0.5,-6,53.5,36.25,-17.25,-2,1.5,-0.25,184.5,303,118.5,32,-51,-9.5,2.75,2.75,0,3.5,-0.5,1.5,80.25,83.5,3.25,-39.5,-1,-20.25,0.5,1.5,1,1,3,2,19.25,12,-7.25,-23.5,-10,-16.75,-2.551942293,0.0203600809,-1.461327555,-1.242534925,0.7495514045,-1.007243569,-0.307498433,-1.242093776
"CU-34-2",5,5,5,4,34,31,NA,40,42,38,37,45,103,100,70,87,3,3,3,4,47,31,51,31,36,28,42,30,180,119,191,143,144,91,149,113,86,40,85,41,310,345,346,495,43,15,27,26,91,37,44,50,17,2,12,4,2,2,21,1,5,4.5,-0.5,0,-1,-0.5,34,35.5,1.5,NA,9,9,39.5,41.5,2,-5,7,1,86.5,93.5,7,-33,-13,-23,3,3.5,0.5,0,1,0.5,49,31,-18,4,0,2,39,29,-10,6,2,4,146.5,102,-44.5,5,22,13.5,85.5,40.5,-45,-1,1,0,328,420,92,36,150,93,35,20.5,-14.5,-16,11,-2.5,67.5,43.5,-24,-47,13,-17,14.5,3,-11.5,-5,2,-1.5,11.5,1.5,-10,19,-1,9,0.446280353,1.2547624208,1.3479146534,-1.098710841,-0.473630218,0.2276657569,0.8713573797,0.3792323565
"CL-32-1",NA,1,5,1,NA,23,17,7,NA,29,37,29,136,87,NA,90,2,3,3,3,54,28,51,28,40,28,50,25,158,127,154,103,118,99,104,78,60,32,61,27,255,354,324,337,1,22,10,56,131,37,64,36,3,4,12,11,0,1,0,0,5,1,-4,NA,0,0,17,15,-2,NA,-16,-16,37,29,-8,NA,0,0,136,88.5,-47.5,NA,3,3,2.5,3,0.5,1,0,0.5,52.5,28,-24.5,-3,0,-1.5,45,26.5,-18.5,10,-3,3.5,111,88.5,-22.5,-14,-21,-17.5,60.5,29.5,-31,1,-5,-2,289.5,345.5,56,69,-17,26,5.5,39,33.5,9,34,21.5,97.5,36.5,-61,-67,-1,-34,7.5,7.5,0,9,7,8,0,0.5,0.5,0,-1,-0.5,-0.060723179,0.1130475375,-2.001022678,-1.646028778,-1.799059537,0.2943030581,0.0988362136,-0.687313798
"CL-39-1",5,3,5,4,45,33,52,42,44,36,47,39,101,80,75,91,3,3,4,3,52,28,53,28,37,38,40,36,210,136,203,151,173,98,163,115,88,37,94,36,358,461,358,483,116,101,129,32,20,11,23,7,31,11,33,18,42,42,86,42,5,3.5,-1.5,0,1,0.5,48.5,37.5,-11,7,9,8,45.5,37.5,-8,3,3,3,88,85.5,-2.5,-26,11,-7.5,3.5,3,-0.5,1,0,0.5,52.5,28,-24.5,1,0,0.5,38.5,37,-1.5,3,-2,0.5,168,106.5,-61.5,-10,17,3.5,91,36.5,-54.5,6,-1,2.5,358,472,114,0,22,11,122.5,66.5,-56,13,-69,-28,21.5,9,-12.5,3,-4,-0.5,32,14.5,-17.5,2,7,4.5,64,42,-22,44,0,22,1.41873225,3.4827804427,0.8846202167,-1.417649741,-1.930711323,-1.333510779,0.4642690829,0.5063252033
"CU-38-3",5,2,5,3,55,31,62,32,49,36,49,31,79,75,90,65,3,3,4,3,50,29,50,32,36,23,46,12,200,120,182,111,164,97,136,99,97,45,82,41,192,198,207,92,4,38,6,55,125,81,113,66,5,45,19,40,89,NA,53,28,5,2.5,-2.5,0,1,0.5,58.5,31.5,-27,7,1,4,49,33.5,-15.5,0,-5,-2.5,84.5,70,-14.5,11,-10,0.5,3.5,3,-0.5,1,0,0.5,50,30.5,-19.5,0,3,1.5,41,17.5,-23.5,10,-11,-0.5,150,98,-52,-28,2,-13,89.5,43,-46.5,-15,-4,-9.5,199.5,145,-54.5,15,-106,-45.5,5,46.5,41.5,2,17,9.5,119,73.5,-45.5,-12,-15,-13.5,12,42.5,30.5,14,-5,4.5,71,28,-43,-36,NA,-36,0.7276172083,1.3755335977,-0.053043976,-2.429691548,-2.738519119,0.6703225211,0.6903851645,-0.248445018
"CU-43-2",5,1,1,2,48,29,7,26,37,33,28,37,133,130,81,110,2,2,2,2,47,27,60,27,30,46,10,39,116,111,58,100,86,65,48,61,74,38,27,33,245,300,159,295,8,35,10,41,107,29,52,50,2,3,0,2,3,4,105,10,3,1.5,-1.5,-4,1,-1.5,27.5,27.5,0,-41,-3,-22,32.5,35,2.5,-9,4,-2.5,107,120,13,-52,-20,-36,2,2,0,0,0,0,53.5,27,-26.5,13,0,6.5,20,42.5,22.5,-20,-7,-13.5,67,63,-4,-38,-4,-21,50.5,35.5,-15,-47,-5,-26,202,297.5,95.5,-86,-5,-45.5,9,38,29,2,6,4,79.5,39.5,-40,-55,21,-17,1,2.5,1.5,-2,-1,-1.5,54,7,-47,102,6,54,-2.17276762,-0.88133679,-1.685099788,-0.692995299,1.147586726,-0.777189113,0.1840169012,-3.191708713
"CL-16-3",4,1,NA,3,19,17,9,16,34,37,32,32,37,85,49,100,2,3,4,3,49,28,56,29,21,31,17,23,126,124,98,104,105,93,81,81,80,46,69,35,103,505,165,348,17,46,NA,36,40,52,NA,56,14,20,NA,18,12,68,NA,77,4,2,-2,NA,2,2,14,16.5,2.5,-10,-1,-5.5,33,34.5,1.5,-2,-5,-3.5,43,92.5,49.5,12,15,13.5,3,3,0,2,0,1,52.5,28.5,-24,7,1,4,19,27,8,-4,-8,-6,93,87,-6,-24,-12,-18,74.5,40.5,-34,-11,-11,-11,134,426.5,292.5,62,-157,-47.5,17,41,24,NA,-10,-10,40,54,14,NA,4,4,14,19,5,NA,-2,-2,12,72.5,60.5,NA,9,9,-2.258257149,0.9639477896,-0.660239012,-1.369109277,1.3925985661,-0.284315276,0.6943137588,-0.387755255
"CU-22-2",5,2,4,1,41,28,5,26,39,37,51,36,141,121,86,146,2,1,5,3,47,23,61,31,47,60,34,30,161,152,154,127,114,92,120,97,83,34,80,40,296,226,600,332,17,33,25,10,80,21,53,57,1,2,28,8,14,3,1,2,4.5,1.5,-3,-1,-1,-1,23,27,4,-36,-2,-19,45,36.5,-8.5,12,-1,5.5,113.5,133.5,20,-55,25,-15,3.5,2,-1.5,3,2,2.5,54,27,-27,14,8,11,40.5,45,4.5,-13,-30,-21.5,117,94.5,-22.5,6,5,5.5,81.5,37,-44.5,-3,6,1.5,448,279,-169,304,106,205,21,21.5,0.5,8,-23,-7.5,66.5,39,-27.5,-27,36,4.5,14.5,5,-9.5,27,6,16.5,7.5,2.5,-5,-13,-1,-7,0.5364352447,1.8867623956,-1.579803867,0.0527305724,-1.295518469,-2.491589298,2.6705457659,-1.071362825
"CU-43-1",5,4,NA,0,46,25,NA,32,48,40,NA,39,132,132,120,102,3,2,3,3,54,27,54,27,46,40,37,35,168,107,131,95,122,67,94,60,86,37,75,36,364,350,322,408,0,15,4,6,126,24,106,20,1,1,1,3,255,0,196,13,5,2,-3,NA,-4,-4,46,28.5,-17.5,NA,7,7,48,39.5,-8.5,NA,-1,-1,126,117,-9,-12,-30,-21,3,2.5,-0.5,0,1,0.5,54,27,-27,0,0,0,41.5,37.5,-4,-9,-5,-7,108,63.5,-44.5,-28,-7,-17.5,80.5,36.5,-44,-11,-1,-6,343,379,36,-42,58,8,2,10.5,8.5,4,-9,-2.5,116,22,-94,-20,-4,-12,1,2,1,0,2,1,225.5,6.5,-219,-59,13,-23,0.8121494084,0.7326782243,-0.857092284,-0.712088523,-2.473025476,-0.854407847,0.2171354676,-1.734080001
"CU-3-3",5,3,5,2,45,30,46,31,43,35,43,37,56,110,122,97,3,3,3,3,52,28,54,29,54,37,53,31,150,109,126,101,96,72,73,70,62,28,62,32,446,480,368,423,10,39,9,59,71,11,53,7,2,1,0,2,47,0,32,0,5,2.5,-2.5,0,-1,-0.5,45.5,30.5,-15,1,1,1,43,36,-7,0,2,1,89,103.5,14.5,66,-13,26.5,3,3,0,0,0,0,53,28.5,-24.5,2,1,1.5,53.5,34,-19.5,-1,-6,-3.5,84.5,71,-13.5,-23,-2,-12.5,62,30,-32,0,4,2,407,451.5,44.5,-78,-57,-67.5,9.5,49,39.5,-1,20,9.5,62,9,-53,-18,-4,-11,1,1.5,0.5,-2,1,-0.5,39.5,0,-39.5,-15,0,-7.5,-0.346559611,0.7592895723,-0.322585635,-1.535557248,-1.222126289,-0.420721282,-0.238162985,-0.163017779
"CU-71-2",5,NA,5,NA,35,7,43,6,39,29,42,41,112,93,93,125,3,2,3,2,54,30,51,28,41,19,46,12,140,82,152,83,99,63,106,71,70,23,76,30,352,271,388,356,3,58,26,60,114,2,127,12,5,1,10,0,37,0,121,1,5,NA,NA,0,NA,0,39,6.5,-32.5,8,-1,3.5,40.5,35,-5.5,3,12,7.5,102.5,109,6.5,-19,32,6.5,3,2,-1,0,0,0,52.5,29,-23.5,-3,-2,-2.5,43.5,15.5,-28,5,-7,-1,102.5,67,-35.5,7,8,7.5,73,26.5,-46.5,6,7,6.5,370,313.5,-56.5,36,85,60.5,14.5,59,44.5,23,2,12.5,120.5,7,-113.5,13,10,11.5,7.5,0.5,-7,5,-1,2,79,0.5,-78.5,84,1,42.5,0.1659419813,0.865813726,NA,NA,NA,NA,-0.215753722,0.9977974868
"CU-20-1",5,5,5,3,46,28,43,30,43,36,42,32,119,93,150,109,3,3,3,3,54,28,54,28,54,28,55,32,170,131,146,138,116,103,91,106,83,41,74,38,421,493,415,466,101,45,127,106,132,39,80,45,33,14,39,25,167,30,176,27,5,4,-1,0,-2,-1,44.5,29,-15.5,-3,2,-0.5,42.5,34,-8.5,-1,-4,-2.5,134.5,101,-33.5,31,16,23.5,3,3,0,0,0,0,54,28,-26,0,0,0,54.5,30,-24.5,1,4,2.5,103.5,104.5,1,-25,3,-11,78.5,39.5,-39,-9,-3,-6,418,479.5,61.5,-6,-27,-16.5,114,75.5,-38.5,26,61,43.5,106,42,-64,-52,6,-23,36,19.5,-16.5,6,11,8.5,171.5,28.5,-143,9,-3,3,1.8202037525,2.7748548809,0.5395801038,-1.44558138,-2.060610567,-1.046201582,-0.089925292,-0.162449598
"CU-19-1",4,NA,2,NA,20,10,11,NA,29,30,20,NA,49,80,40,101,3,3,2,3,54,29,53,29,14,7,18,14,77,89,82,111,63,82,64,97,46,32,48,37,130,451,184,582,7,9,3,6,13,4,8,6,0,2,0,6,2,131,10,75,3,NA,NA,-2,NA,-2,15.5,10,-5.5,-9,NA,-9,24.5,30,5.5,-9,NA,-9,44.5,90.5,46,-9,21,6,2.5,3,0.5,-1,0,-0.5,53.5,29,-24.5,-1,0,-0.5,16,10.5,-5.5,4,7,5.5,63.5,89.5,26,1,15,8,47,34.5,-12.5,2,5,3.5,157,516.5,359.5,54,131,92.5,5,7.5,2.5,-4,-3,-3.5,10.5,5,-5.5,-5,2,-1.5,0,4,4,0,4,2,6,103,97,8,-56,-24,-3.851556744,-0.540515909,NA,NA,NA,NA,-0.988323406,-0.612813386
"CU-46-1",4,0,4,2,29,17,40,23,42,28,43,31,139,85,158,117,3,3,3,2,50,29,56,32,69,28,35,29,190,112,164,130,121,84,129,101,105,45,108,51,565,353,495,247,71,40,NA,58,39,38,NA,17,6,9,NA,21,0,0,NA,0,4,1,-3,0,2,1,34.5,20,-14.5,11,6,8.5,42.5,29.5,-13,1,3,2,148.5,101,-47.5,19,32,25.5,3,2.5,-0.5,0,-1,-0.5,53,30.5,-22.5,6,3,4.5,52,28.5,-23.5,-34,1,-16.5,125,92.5,-32.5,8,17,12.5,106.5,48,-58.5,3,6,4.5,530,300,-230,-70,-106,-88,71,49,-22,NA,18,18,39,27.5,-11.5,NA,-21,-21,6,15,9,NA,12,12,0,0,0,NA,0,0,1.8517492332,1.2734003611,-1.575338949,-0.931259353,-3.316316032,-0.669339383,0.4779074579,0.6669839537
"CU-15-1",3,NA,3,NA,9,6,10,NA,28,29,30,NA,83,106,94,90,3,2,3,2,53,31,55,31,31,15,32,10,130,100,136,145,99,85,104,135,79,30,85,55,302,265,351,160,11,4,12,29,95,36,98,20,10,3,7,15,0,1,0,NA,3,NA,NA,0,NA,0,9.5,6,-3.5,1,NA,1,29,29,0,2,NA,2,88.5,98,9.5,11,-16,-2.5,3,2,-1,0,0,0,54,31,-23,2,0,1,31.5,12.5,-19,1,-5,-2,101.5,110,8.5,5,50,27.5,82,42.5,-39.5,6,25,15.5,326.5,212.5,-114,49,-105,-28,11.5,16.5,5,1,25,13,96.5,28,-68.5,3,-16,-6.5,8.5,9,0.5,-3,12,4.5,0,1,1,0,NA,0,-1.116071348,0.2573697944,NA,NA,NA,NA,0.0404008579,0.7261102384
"CL-1-2",5,4,4,NA,41,24,27,50,42,37,40,45,86,100,88,87,3,3,5,4,51,30,59,31,43,38,33,20,152,132,151,115,109,94,118,95,56,33,71,27,292,376,311,375,86,95,61,89,58,19,16,19,4,9,17,26,4,9,2,1,4.5,4,-0.5,-1,NA,-1,34,37,3,-14,26,6,41,41,0,-2,8,3,87,93.5,6.5,2,-13,-5.5,4,3.5,-0.5,2,1,1.5,55,30.5,-24.5,8,1,4.5,38,29,-9,-10,-18,-14,113.5,94.5,-19,9,1,5,63.5,30,-33.5,15,-6,4.5,301.5,375.5,74,19,-1,9,73.5,92,18.5,-25,-6,-15.5,37,19,-18,-42,0,-21,10.5,17.5,7,13,17,15,3,5,2,-2,-8,-5,-0.603578696,2.2551893325,1.3364241155,-2.419277988,0.3356162065,-0.476747928,1.616874118,-0.326336914
"CU-20-3",5,2,5,1,33,27,39,26,40,38,43,32,193,136,136,111,2,2,3,3,50,33,53,36,34,39,50,29,135,97,148,102,101,58,98,73,66,26,85,31,310,393,360,382,24,53,50,155,70,42,109,9,8,30,16,47,0,0,1,1,5,1.5,-3.5,0,-1,-0.5,36,26.5,-9.5,6,-1,2.5,41.5,35,-6.5,3,-6,-1.5,164.5,123.5,-41,-57,-25,-41,2.5,2.5,0,1,1,1,51.5,34.5,-17,3,3,3,42,34,-8,16,-10,3,99.5,65.5,-34,-3,15,6,75.5,28.5,-47,19,5,12,335,387.5,52.5,50,-11,19.5,37,104,67,26,102,64,89.5,25.5,-64,39,-33,3,12,38.5,26.5,8,17,12.5,0.5,0.5,0,1,1,1,0.8477444604,0.6689198621,-0.078458598,-2.441196117,-1.726335437,1.4911434651,1.604874868,0.3862474407
"CU-51-1",3,2.5,5,5,29.5,38,38.5,44,40.5,36,39,29.5,88,116.5,102.5,84,3.5,3,3.5,3,58,29,50,35,22,11,36,33.5,140,131.5,148,131.5,118,120.5,112,98,79.5,57.5,93.5,53,438.5,349.5,381.5,350,38,28,25,46,86,33,54,5,38,10,10.5,23.5,18,11,62.5,8.5,4,3.75,-0.25,2,2.5,2.25,34,41,7,9,6,7.5,39.75,32.75,-7,-1.5,-6.5,-4,95.25,100.25,5,14.5,-32.5,-9,3.5,3,-0.5,0,0,0,54,32,-22,-8,6,-1,29,22.25,-6.75,14,22.5,18.25,115,109.25,-5.75,-6,-22.5,-14.25,86.5,55.25,-31.25,14,-4.5,4.75,410,349.75,-60.25,-57,0.5,-28.25,31.5,37,5.5,-13,18,2.5,70,19,-51,-32,-28,-30,24.25,16.75,-7.5,-27.5,13.5,-7,40.25,9.75,-30.5,44.5,-2.5,21,0.0106034773,2.1915347728,0.8373120595,-0.895599424,-0.244360808,-0.954296064,0.2113039166,0.9509258933
"CU-65-2",2,2,3,3,12,6,34,37,34,24,40,39,51,64,91,90,3,3,3,4,58,34,49,31,5,24,11,18,115,110,58,80,110,86,47,62,63,40,51,30,156,410,148,483,120,233,0,2,3,0,25,27,22,114,0,0,102,69,6,28,2.5,2.5,0,1,1,1,23,21.5,-1.5,22,31,26.5,37,31.5,-5.5,6,15,10.5,71,77,6,40,26,33,3,3.5,0.5,0,1,0.5,53.5,32.5,-21,-9,-3,-6,8,21,13,6,-6,0,78.5,74,-4.5,-63,-24,-43.5,57,35,-22,-12,-10,-11,152,446.5,294.5,-8,73,32.5,60,117.5,57.5,-120,-231,-175.5,14,13.5,-0.5,22,27,24.5,11,57,46,-22,-114,-68,54,48.5,-5.5,-96,-41,-68.5,-2.539459856,0.9021901453,0.7628779811,-3.713856554,1.9839047523,1.8562008467,-1.548256784,-0.007065369
"CL-25-2",5,1,1,1,40,26,10,17,39,39,34,31,72,71,51,63,3,3,3,3,56,30,60,28,49,43,8,45,213,125,191,140,164,82,183,95,92,40,106,41,263,476,193,376,NA,2,11,8,NA,84,144,149,NA,5,10,2,NA,2,2,8,3,1,-2,-4,0,-2,25,21.5,-3.5,-30,-9,-19.5,36.5,35,-1.5,-5,-8,-6.5,61.5,67,5.5,-21,-8,-14.5,3,3,0,0,0,0,58,29,-29,4,-2,1,28.5,44,15.5,-41,2,-19.5,173.5,88.5,-85,19,13,16,99,40.5,-58.5,14,1,7.5,228,426,198,-70,-100,-85,11,5,-6,NA,6,6,144,116.5,-27.5,NA,65,65,10,3.5,-6.5,NA,-3,-3,2,5,3,NA,6,6,-0.263097739,0.8017628556,-0.852326161,-0.377981028,-0.99495139,-0.666853428,-1.22171613,-1.697938774
"CL-46-2",4,0,2,0,31,21,20,14,38,36,41,29,144,83,79,87,2,3,3,3,49,29,67,30,51,19,12,18,64,118,100,93,13,99,88,75,84,45,76,37,421,512,340,474,55,84,34,29,20,2,0,2,4,11,6,3,0,0,NA,0,3,0,-3,-2,0,-1,25.5,17.5,-8,-11,-7,-9,39.5,32.5,-7,3,-7,-2,111.5,85,-26.5,-65,4,-30.5,2.5,3,0.5,1,0,0.5,58,29.5,-28.5,18,1,9.5,31.5,18.5,-13,-39,-1,-20,50.5,87,36.5,75,-24,25.5,80,41,-39,-8,-8,-8,380.5,493,112.5,-81,-38,-59.5,44.5,56.5,12,-21,-55,-38,10,2,-8,-20,0,-10,5,7,2,2,-8,-3,0,0,0,NA,0,0,-1.115820454,0.7740856552,-1.368619052,-1.412907347,-0.698774351,-0.459123776,0.7217546797,-1.93773564
"CU-50-1",5,1,5,3,43,11,44,25,43,36,42,34,62,82,123,102,4,2,2,3,59,31,57,28,46,33,81,46,172,132,259,205,126,99,178,159,96,37,98,55,313,355,382,411,7,18,10,19,127,66,171,98,4,6,0,0,3,7,25,9,5,2,-3,0,2,1,43.5,18,-25.5,1,14,7.5,42.5,35,-7.5,-1,-2,-1.5,92.5,92,-0.5,61,20,40.5,3,2.5,-0.5,-2,1,-0.5,58,29.5,-28.5,-2,-3,-2.5,63.5,39.5,-24,35,13,24,152,129,-23,52,60,56,97,46,-51,2,18,10,347.5,383,35.5,69,56,62.5,8.5,18.5,10,3,1,2,149,82,-67,44,32,38,2,3,1,-4,-6,-5,14,8,-6,22,2,12,1.2429612738,0.8884709,-0.947256874,0.2361206636,-2.519952305,-1.128379391,-1.445192322,2.892498218
"CL-17-1",4,NA,3,4,21,13,36,54,30,34,45,56,84,93,75,92,2,2,4,6,46,27,67,39,40,44,21,29,128,148,167,116,88,104,146,87,70,45,96,44,240,470,335,605,12,59,7,75,68,13,74,26,2,2,3,17,50,0,54,2,3.5,4,0.5,-1,NA,-1,28.5,33.5,5,15,41,28,37.5,45,7.5,15,22,18.5,79.5,92.5,13,-9,-1,-5,3,4,1,2,4,3,56.5,33,-23.5,21,12,16.5,30.5,36.5,6,-19,-15,-17,117,95.5,-21.5,58,-17,20.5,83,44.5,-38.5,26,-1,12.5,287.5,537.5,250,95,135,115,9.5,67,57.5,-5,16,5.5,71,19.5,-51.5,6,13,9.5,2.5,9.5,7,1,15,8,52,1,-51,4,2,3,-0.90810851,0.6026249645,2.2999756249,-1.344186781,1.4752660186,1.1108024275,4.2804535819,1.6135992923
"CU-31-2",4,2,5,1,28,38,28,17,36,45,35,31,70,103,150,110,8,4,3,3,71,31,49,28,17,27,45,26,91,120,163,170,74,93,118,144,67,36,64,42,254,570,352,334,1,4,24,18,36,30,50,13,0,0,9,9,1,3,0,0,4.5,1.5,-3,1,-1,0,28,27.5,-0.5,0,-21,-10.5,35.5,38,2.5,-1,-14,-7.5,110,106.5,-3.5,80,7,43.5,5.5,3.5,-2,-5,-1,-3,60,29.5,-30.5,-22,-3,-12.5,31,26.5,-4.5,28,-1,13.5,96,118.5,22.5,44,51,47.5,65.5,39,-26.5,-3,6,1.5,303,452,149,98,-236,-69,12.5,11,-1.5,23,14,18.5,43,21.5,-21.5,14,-17,-1.5,4.5,4.5,0,9,9,9,0.5,1.5,1,-1,-3,-2,-1.484176884,2.6698199904,-0.138075628,-0.441283311,0.1114246633,-2.440567824,-3.998963352,0.9882977669
"CU-37-1",5,2,5,0,42,22.5,42.5,21,41.5,36,43.5,28,137,96.5,95.5,81.5,3,3,5,8,51.5,30,67,31,50,21.5,32.5,19.5,186.5,119,143,128,136.5,97.5,110.5,108.5,81.5,43,82,36.5,416,316.5,517,927,27.5,25.5,43.5,16,62,68.5,49,64,19,8.5,3.5,7,26.5,39.5,1,0,5,1,-4,0,-2,-1,42.25,21.75,-20.5,0.5,-1.5,-0.5,42.5,32,-10.5,2,-8,-3,116.25,89,-27.25,-41.5,-15,-28.25,4,5.5,1.5,2,5,3.5,59.25,30.5,-28.75,15.5,1,8.25,41.25,20.5,-20.75,-17.5,-2,-9.75,123.5,103,-20.5,-26,11,-7.5,81.75,39.75,-42,0.5,-6.5,-3,466.5,621.75,155.25,101,610.5,355.75,35.5,20.75,-14.75,16,-9.5,3.25,55.5,66.25,10.75,-13,-4.5,-8.75,11.25,7.75,-3.5,-15.5,-1.5,-8.5,13.75,19.75,6,-25.5,-39.5,-32.5,0.4494306652,2.592589902,0.6135217717,-1.100902113,-2.092976413,0.117849055,3.5106712429,-0.449389915
"CU-5-3",1,NA,NA,4,7,NA,NA,33,29,NA,NA,32,90,127,83,102,3,2,3,3,60,30,61,30,21,40,35,34,151,165,160,252,130,125,125,218,70,49,68,46,364,563,398,493,44,28,36,47,50,57,50,34,20,14,23,16,54,47,32,32,1,4,3,NA,NA,NA,7,33,26,NA,NA,NA,29,32,3,NA,NA,NA,86.5,114.5,28,-7,-25,-16,3,2.5,-0.5,0,1,0.5,60.5,30,-30.5,1,0,0.5,28,37,9,14,-6,4,127.5,171.5,44,-5,93,44,69,47.5,-21.5,-2,-3,-2.5,381,528,147,34,-70,-18,40,37.5,-2.5,-8,19,5.5,50,45.5,-4.5,0,-23,-11.5,21.5,15,-6.5,3,2,2.5,43,39.5,-3.5,-22,-15,-18.5,-1.410647528,0.9875987328,0.7125327841,0.540773666,3.3321841882,-1.630131702,NA,NA
"CU-22-3",4,5,2,3,25,42,8,32,29,47,27,36,44,121,51,102,3,3,5,4,50,30,68,33,14,21,9,31,66,93,71,103,52,72,62,72,51,34,48,41,90,441,147,387,8,23,8,25,37,30,6,21,0,0,0,1,0,0,0,0,3,4,1,-2,-2,-2,16.5,37,20.5,-17,-10,-13.5,28,41.5,13.5,-2,-11,-6.5,47.5,111.5,64,7,-19,-6,4,3.5,-0.5,2,1,1.5,59,31.5,-27.5,18,3,10.5,11.5,26,14.5,-5,10,2.5,57,72,15,10,0,5,49.5,37.5,-12,-3,7,2,118.5,414,295.5,57,-54,1.5,8,24,16,0,2,1,21.5,25.5,4,-31,-9,-20,0,0.5,0.5,0,1,0.5,0,0,0,0,0,0,-4.109224014,0.9097800568,1.061140085,-1.418399014,3.8402712548,-1.120048522,1.0668965002,-1.431101732
"CU-64-2",4,1,4,3,46,27,46,36,40,36,44,36,83,83,229,74,2,4,2,5,63,38,43,38,20,46,67,63,124,161,235,161,104,115,168,98,53,53,103,44,251,484,394,458,11,7,6,23,116,23,95,22,3,4,4,6,42,353,83,136,4,2,-2,0,2,1,46,31.5,-14.5,0,9,4.5,42,36,-6,4,0,2,156,78.5,-77.5,146,-9,68.5,2,4.5,2.5,0,1,0.5,53,38,-15,-20,0,-10,43.5,54.5,11,47,17,32,136,106.5,-29.5,64,-17,23.5,78,48.5,-29.5,50,-9,20.5,322.5,471,148.5,143,-26,58.5,8.5,15,6.5,-5,16,5.5,105.5,22.5,-83,-21,-1,-11,3.5,5,1.5,1,2,1.5,62.5,244.5,182,41,-217,-88,0.9574886637,-0.428966923,1.6766318518,-0.32842189,-1.142132372,2.3958081623,-1.267506734,3.0357561938
"CU-67-2",3,0,4,3,21,21,28,31,40,31,42,31,60,92,57,78,5,3,6,3,60,28,64,30,20,10,43,20,161,102,162,110,141,92,119,90,93,44,104,52,385,355,251,345,9,4,26,3,77,76,53,55,12,1,11,5,34,64,4,62,3.5,1.5,-2,1,3,2,24.5,26,1.5,7,10,8.5,41,31,-10,2,0,1,58.5,85,26.5,-3,-14,-8.5,5.5,3,-2.5,1,0,0.5,62,29,-33,4,2,3,31.5,15,-16.5,23,10,16.5,130,91,-39,-22,-2,-12,98.5,48,-50.5,11,8,9.5,318,350,32,-134,-10,-72,17.5,3.5,-14,17,-1,8,65,65.5,0.5,-24,-21,-22.5,11.5,3,-8.5,-1,4,1.5,19,63,44,-30,-2,-16,-0.814095354,3.3448213414,-1.110842861,-0.791614478,-1.299343686,-3.169580788,1.0194808644,1.089113565
"CU-72-1",1,3,4,2,14,23,30,22,40,36,36,34,81,102,78,61,3,3,3,4,58,34,58,38,13,37,16,18,105,107,130,73,92,70,114,55,72,29,77,23,366,205,292,133,73,19,97,99,88,9,69,0,22,40,13,38,0,NA,30,0,2.5,2.5,0,3,-1,1,22,22.5,0.5,16,-1,7.5,38,35,-3,-4,-2,-3,79.5,81.5,2,-3,-41,-22,3,3.5,0.5,0,1,0.5,58,36,-22,0,4,2,14.5,27.5,13,3,-19,-8,103,62.5,-40.5,22,-15,3.5,74.5,26,-48.5,5,-6,-0.5,329,169,-160,-74,-72,-73,85,59,-26,24,80,52,78.5,4.5,-74,-19,-9,-14,17.5,39,21.5,-9,-2,-5.5,15,0,-15,30,NA,30,-1.102099527,1.7781365374,0.0114977295,-3.663922597,-0.528031759,0.145795997,0.9948660014,0.1662546082
"CU-69-2",5,5,5,4,45,35,NA,37,43,38,NA,41,77,111,NA,49,6,3,NA,6,61,32,56,40,39,28,47,48,133,92,156,137,94,64,109,89,77,31,84,56,443,240,298,640,158,75,NA,112,3,2,NA,1,20,34,NA,64,116,25,NA,33,5,4.5,-0.5,0,-1,-0.5,45,36,-9,NA,2,2,43,39.5,-3.5,NA,3,3,77,80,3,NA,-62,-62,6,4.5,-1.5,NA,3,3,58.5,36,-22.5,-5,8,1.5,43,38,-5,8,20,14,101.5,76.5,-25,15,25,20,80.5,43.5,-37,7,25,16,370.5,440,69.5,-145,400,127.5,158,93.5,-64.5,NA,37,37,3,1.5,-1.5,NA,-1,-1,20,49,29,NA,30,30,116,29,-87,NA,8,8,0.1078056286,5.1676821277,3.125366274,-3.096257436,-0.429629347,-0.919724744,2.9921635158,1.0146483868
"CL-22-3",NA,NA,5,4,10,7,50,NA,32,31,43,44,154,110,71,114,2,2,5,8,38,30,75,54,53,35,14,22,181,134,101,88,128,99,87,66,62,33,67,36,353,562,354,824,28,44,24,71,111,53,1,0,0,1,4,49,219,207,3,13,5,4,-1,NA,NA,NA,30,7,-23,40,NA,40,37.5,37.5,0,11,13,12,112.5,112,-0.5,-83,4,-39.5,3.5,5,1.5,3,6,4.5,56.5,42,-14.5,37,24,30.5,33.5,28.5,-5,-39,-13,-26,107.5,82.5,-25,-41,-33,-37,64.5,34.5,-30,5,3,4,353.5,693,339.5,1,262,131.5,26,57.5,31.5,-4,27,11.5,56,26.5,-29.5,-110,-53,-81.5,2,25,23,4,48,26,111,110,-1,-216,-194,-205,-0.570267754,1.2976920883,2.3367073773,-2.361680232,0.1641669522,2.4753515666,NA,NA
"CU-25-1",4,2,5,5,27,12,49,36,36,31,38,38,60,80,72,79,2,2,4,8,65,32,65,55,7,15,10,10,50,92,101,39,43,77,91,29,40,41,76,24,123,175,233,306,21,38,37,59,19,9,47,24,5,26,2,24,114,194,86,18,4.5,3.5,-1,1,3,2,38,24,-14,22,24,23,37,34.5,-2.5,2,7,4.5,66,79.5,13.5,12,-1,5.5,3,5,2,2,6,4,65,43.5,-21.5,0,23,11.5,8.5,12.5,4,3,-5,-1,67,53,-14,48,-48,0,58,32.5,-25.5,36,-17,9.5,178,240.5,62.5,110,131,120.5,29,48.5,19.5,16,21,18.5,33,16.5,-16.5,28,15,21.5,3.5,25,21.5,-3,-2,-2.5,100,106,6,-28,-176,-102,-2.828658526,1.6751442014,1.5472834143,-3.983528784,0.4594537063,1.4272165764,4.4208481411,2.1872078692
"CU-15-3",5,2,5,2.5,44,31,46.5,25,47,37,43.5,39.5,103.5,118.5,116,130.5,3.5,3,3.5,3,NA,NA,NA,NA,47.5,44,40.5,34,157.5,141,130.5,131.5,110,97,90,97.5,70.5,41.5,61,37.5,323,381,329,360.5,27.5,5,61.5,22,82,35,92,41.5,12,3,8,25,73,39.5,41.5,6.5,5,2.25,-2.75,0,0.5,0.25,45.25,28,-17.25,2.5,-6,-1.75,45.25,38.25,-7,-3.5,2.5,-0.5,109.75,124.5,14.75,12.5,12,12.25,3.5,3,-0.5,0,0,0,NA,NA,NA,NA,NA,NA,44,39,-5,-7,-10,-8.5,100,97.25,-2.75,-20,0.5,-9.75,65.75,39.5,-26.25,-9.5,-4,-6.75,326,370.75,44.75,6,-20.5,-7.25,44.5,13.5,-31,34,17,25.5,87,38.25,-48.75,10,6.5,8.25,10,14,4,-4,22,9,57.25,23,-34.25,-31.5,-33,-32.25,NA,NA,NA,NA,NA,NA,NA,NA
"CU-16-1",5,1,4,3,36,28,31,33,49,30,39,31,96,82,82,76,2,2,3,3,NA,NA,NA,NA,27,41,32,40,124,117,135,100,97,76,103,60,54,38,59,36,255,335,NA,435,107,69,95,103,44,27,54,34,9,3,16,22,106,46,62,54,4.5,2,-2.5,-1,2,0.5,33.5,30.5,-3,-5,5,0,44,30.5,-13.5,-10,1,-4.5,89,79,-10,-14,-6,-10,2.5,2.5,0,1,1,1,NA,NA,NA,NA,NA,NA,29.5,40.5,11,5,-1,2,100,68,-32,6,-16,-5,56.5,37,-19.5,5,-2,1.5,255,385,130,NA,100,100,101,86,-15,-12,34,11,49,30.5,-18.5,10,7,8.5,12.5,12.5,0,7,19,13,84,50,-34,-44,8,-18,NA,NA,NA,NA,NA,NA,NA,NA
"CU-68-1",NA,4,5,NA,NA,30,NA,NA,NA,35,NA,NA,125,92,130,135,3,4,4,3,NA,NA,NA,NA,36,20,19,9,106,83,75,64,70,63,56,55,33,20,27,7,NA,516,NA,530,27,21,46,7,97,42,76,22,12,8,13,0,2,2,2,0,5,4,-1,NA,NA,NA,NA,30,NA,NA,NA,NA,NA,35,NA,NA,NA,NA,127.5,113.5,-14,5,43,24,3.5,3.5,0,1,-1,0,NA,NA,NA,NA,NA,NA,27.5,14.5,-13,-17,-11,-14,63,59,-4,-14,-8,-11,30,13.5,-16.5,-6,-13,-9.5,NA,523,NA,NA,14,14,36.5,14,-22.5,19,-14,2.5,86.5,32,-54.5,-21,-20,-20.5,12.5,4,-8.5,1,-8,-3.5,2,1,-1,0,-2,-1,NA,NA,NA,NA,NA,NA,NA,NA
"CU-57-2",5,5,4,5,51,40,32,42,47,38,43,41,90,79,95,84,4,4,4,4,NA,NA,NA,NA,20,11,13,30,109,92,56,103,89,81,43,73,56,40,30,35,400,477,280,566,76,81,56,18,78,68,13,32,64,58,0,1,149,40,4,2,4.5,5,0.5,-1,0,-0.5,41.5,41,-0.5,-19,2,-8.5,45,39.5,-5.5,-4,3,-0.5,92.5,81.5,-11,5,5,5,4,4,0,0,0,0,NA,NA,NA,NA,NA,NA,16.5,20.5,4,-7,19,6,66,77,11,-46,-8,-27,43,37.5,-5.5,-26,-5,-15.5,340,521.5,181.5,-120,89,-15.5,66,49.5,-16.5,-20,-63,-41.5,45.5,50,4.5,-65,-36,-50.5,32,29.5,-2.5,-64,-57,-60.5,76.5,21,-55.5,-145,-38,-91.5,NA,NA,NA,NA,NA,NA,NA,NA
"CU-56-2",5,1,5,3,42,39,43,56,51,41,44,53,54,91,62,71,5,3,4,4,NA,NA,NA,NA,37,31,39,48,161,144,156,151,124,113,117,103,79,42,73,47,334,560,298,671,53,14,14,9,80,58,88,77,8,4,1,9,112,141,140,197,5,2,-3,0,2,1,42.5,47.5,5,1,17,9,47.5,47,-0.5,-7,12,2.5,58,81,23,8,-20,-6,4.5,3.5,-1,-1,1,0,NA,NA,NA,NA,NA,NA,38,39.5,1.5,2,17,9.5,120.5,108,-12.5,-7,-10,-8.5,76,44.5,-31.5,-6,5,-0.5,316,615.5,299.5,-36,111,37.5,33.5,11.5,-22,-39,-5,-22,84,67.5,-16.5,8,19,13.5,4.5,6.5,2,-7,5,-1,126,169,43,28,56,42,NA,NA,NA,NA,NA,NA,NA,NA
"CL-8-2",5,4,5,5,41,31,39,46,43,29,39,48,96,82,116,89,3,4,3,4,NA,NA,NA,NA,34,20,21,17,127,100,84,75,93,80,63,58,49,32,44,29,433,526,403,633,69,122,41,80,38,15,32,13,12,51,6,19,0,1,0,0,5,4.5,-0.5,0,1,0.5,40,38.5,-1.5,-2,15,6.5,41,38.5,-2.5,-4,19,7.5,106,85.5,-20.5,20,7,13.5,3,4,1,0,0,0,NA,NA,NA,NA,NA,NA,27.5,18.5,-9,-13,-3,-8,78,69,-9,-30,-22,-26,46.5,30.5,-16,-5,-3,-4,418,579.5,161.5,-30,107,38.5,55,101,46,-28,-42,-35,35,14,-21,-6,-2,-4,9,35,26,-6,-32,-19,0,0.5,0.5,0,-1,-0.5,NA,NA,NA,NA,NA,NA,NA,NA
"CU-48-2",4,3,2,0,42,28,26,32,37,38,43,40,48,136,69,80,4,4,6,4,NA,NA,NA,NA,5,55,28,36,68,145,83,96,63,90,55,60,39,44,36,33,125,837,447,590,32,43,15,4,34,45,23,27,5,41,8,1,2,0,77,48,3,1.5,-1.5,-2,-3,-2.5,34,30,-4,-16,4,-6,40,39,-1,6,2,4,58.5,108,49.5,21,-56,-17.5,5,4,-1,2,0,1,NA,NA,NA,NA,NA,NA,16.5,45.5,29,23,-19,2,59,75,16,-8,-30,-19,37.5,38.5,1,-3,-11,-7,286,713.5,427.5,322,-247,37.5,23.5,23.5,0,-17,-39,-28,28.5,36,7.5,-11,-18,-14.5,6.5,21,14.5,3,-40,-18.5,39.5,24,-15.5,75,48,61.5,NA,NA,NA,NA,NA,NA,NA,NA
"CU-32-1",5,NA,5,4,34,NA,46,32,46,NA,46,41,86,81,104,103,4,6,3,3,NA,NA,NA,NA,23,41,34,44,99,116,94,122,76,75,60,78,41,34,36,35,524,NA,313,491,72,39,79,55,88,80,74,36,19,33,19,17,0,8,35,10,5,4,-1,0,NA,0,40,32,-8,12,NA,12,46,41,-5,0,NA,0,95,92,-3,18,22,20,3.5,4.5,1,-1,-3,-2,NA,NA,NA,NA,NA,NA,28.5,42.5,14,11,3,7,68,76.5,8.5,-16,3,-6.5,38.5,34.5,-4,-5,1,-2,418.5,491,72.5,-211,NA,-211,75.5,47,-28.5,7,16,11.5,81,58,-23,-14,-44,-29,19,25,6,0,-16,-8,17.5,9,-8.5,35,2,18.5,NA,NA,NA,NA,NA,NA,NA,NA
"CU-65-1",3,4,5,4,20,45,49,47,29,32,46,43,62,46,71,72,7,4,4,4,NA,NA,NA,NA,10,30,18,36,82,64,100,143,72,34,82,107,67,42,45,44,151,610,360,477,55,65,116,146,13,29,25,51,2,28,9,74,4,57,170,35,4,4,0,2,0,1,34.5,46,11.5,29,2,15.5,37.5,37.5,0,17,11,14,66.5,59,-7.5,9,26,17.5,5.5,4,-1.5,-3,0,-1.5,NA,NA,NA,NA,NA,NA,14,33,19,8,6,7,77,70.5,-6.5,10,73,41.5,56,43,-13,-22,2,-10,255.5,543.5,288,209,-133,38,85.5,105.5,20,61,81,71,19,40,21,12,22,17,5.5,51,45.5,7,46,26.5,87,46,-41,166,-22,72,NA,NA,NA,NA,NA,NA,NA,NA
"CL-64-2",5,2,4,2,32,27,56,31,30,33,43,39,60,46,63,52,4,5,6,5,NA,NA,NA,NA,20,12,21,23,66,50,119,77,46,38,98,54,37,28,57,25,340,371,490,436,NA,36,50,84,NA,31,11,13,NA,4,2,12,NA,36,39,16,4.5,2,-2.5,-1,0,-0.5,44,29,-15,24,4,14,36.5,36,-0.5,13,6,9.5,61.5,49,-12.5,3,6,4.5,5,5,0,2,0,1,NA,NA,NA,NA,NA,NA,20.5,17.5,-3,1,11,6,72,46,-26,52,16,34,47,26.5,-20.5,20,-3,8.5,415,403.5,-11.5,150,65,107.5,50,60,10,NA,48,48,11,22,11,NA,-18,-18,2,8,6,NA,8,8,39,26,-13,NA,-20,-20,NA,NA,NA,NA,NA,NA,NA,NA
"CU-57-1",5,3,5,2,39,40,41,28,40,30,41,36,78,92,98,111,NA,5,4,2,NA,NA,NA,NA,27,12,18,20,69,58,101,92,42,46,83,72,43,35,57,33,206,605,374,421,55,203,90,76,28,2,59,79,NA,48,10,28,NA,0,73,132,5,2.5,-2.5,0,-1,-0.5,40,34,-6,2,-12,-5,40.5,33,-7.5,1,6,3.5,88,101.5,13.5,20,19,19.5,4,3.5,-0.5,NA,-3,-3,NA,NA,NA,NA,NA,NA,22.5,16,-6.5,-9,8,-0.5,62.5,59,-3.5,41,26,33.5,50,34,-16,14,-2,6,290,513,223,168,-184,-8,72.5,139.5,67,35,-127,-46,43.5,40.5,-3,31,77,54,10,38,28,NA,-20,-20,73,66,-7,NA,132,132,NA,NA,NA,NA,NA,NA,NA,NA
"CU-16-2",4.5,2.5,4.5,5,44,29.5,34,40,40,37,34.5,34.5,115.5,98,96.5,100.5,3,3,3,3,NA,NA,NA,NA,47.5,40.5,35.5,32,159,127.5,125.5,121,111.5,87,90,89,68.5,41.5,55,38,671,436,350,482.5,48,48,53.5,36,72,36,80,26,11.5,2,14,27,159,29.5,128.5,301,4.5,3.75,-0.75,0,2.5,1.25,39,34.75,-4.25,-10,10.5,0.25,37.25,35.75,-1.5,-5.5,-2.5,-4,106,99.25,-6.75,-19,2.5,-8.25,3,3,0,0,0,0,NA,NA,NA,NA,NA,NA,41.5,36.25,-5.25,-12,-8.5,-10.25,100.75,88,-12.75,-21.5,2,-9.75,61.75,39.75,-22,-13.5,-3.5,-8.5,510.5,459.25,-51.25,-321,46.5,-137.25,50.75,42,-8.75,5.5,-12,-3.25,76,31,-45,8,-10,-1,12.75,14.5,1.75,2.5,25,13.75,143.75,165.25,21.5,-30.5,271.5,120.5,NA,NA,NA,NA,NA,NA,NA,NA
